,Price
0,6820
1,8748
2,4524
3,7926
4,7286
5,5799
6,8764
7,9902
8,6865
9,9519
10,10840
11,8580
12,7933
13,7305
14,6029
15,13038
16,9189
17,10027
18,7925
19,6917
20,8052
21,5439
22,5239
23,12245
24,9075
25,3979
26,4181
27,7060
28,10119
29,4607
30,8839
31,5386
32,9317
33,9410
34,12769
35,2000
36,11498
37,7089
38,9275
39,12777
40,3082
41,11430
42,11398
43,4572
44,5701
45,5779
46,12932
47,4974
48,10267
49,13975
50,12929
51,11084
52,8589
53,15321
54,11903
55,9505
56,7360
57,5592
58,11257
59,5110
60,12706
61,8157
62,12654
63,8921
64,3022
65,12380
66,7188
67,5760
68,3827
69,11102
70,5541
71,7418
72,14966
73,12706
74,8384
75,3975
76,2000
77,8272
78,5672
79,10350
80,5360
81,9347
82,8090
83,8169
84,9509
85,13835
86,13378
87,11109
88,2246
89,2375
90,2988
91,8824
92,11770
93,9726
94,13387
95,4034
96,7657
97,13586
98,6763
99,7968
100,4522
101,7863
102,2000
103,5826
104,7719
105,10778
106,8938
107,4599
108,12979
109,5742
110,2000
111,12177
112,7649
113,9868
114,12513
115,12765
116,4421
117,11784
118,6954
119,13962
120,14303
121,15256
122,6912
123,5921
124,10957
125,6807
126,5282
127,4704
128,12661
129,9696
130,9516
131,11559
132,12843
133,13591
134,7428
135,5101
136,10900
137,3606
138,6554
139,5086
140,15463
141,2772
142,4870
143,11513
144,10842
145,4294
146,9004
147,10882
148,15029
149,13259
150,5567
151,6609
152,6963
153,7497
154,2946
155,7658
156,10539
157,3427
158,7334
159,12522
160,6960
161,3625
162,13096
163,6419
164,7911
165,9293
166,12065
167,5626
168,8170
169,14719
170,13374
171,11391
172,7813
173,10856
174,8819
175,2388
176,8347
177,7168
178,6292
179,6806
180,8392
181,9194
182,14489
183,7566
184,5126
185,13974
186,10201
187,6069
188,8241
189,10708
190,10748
191,4644
192,9911
193,10509
194,13803
195,9210
196,8785
197,13960
198,13718
199,12986
200,10320
201,5006
202,6354
203,14694
204,7910
205,7678
206,12171
207,12466
208,8948
209,5325
210,7243
211,2000
212,14938
213,14876
214,11759
215,5174
216,7215
217,10386
218,13976
219,7254
220,9323
221,4778
222,8401
223,9333
224,5734
225,12813
226,3449
227,5191
228,11879
229,10399
230,3805
231,10667
232,13046
233,12269
234,8272
235,10064
236,6665
237,4923
238,2000
239,9745
240,8627
241,6922
242,6709
243,4385
244,11606
245,6102
246,11721
247,9257
248,4007
249,12239
250,9627
251,8976
252,7851
253,4465
254,13360
255,6107
256,6311
257,2415
258,12218
259,11351
260,7070
261,13313
262,8064
263,9193
264,9764
265,14570
266,8672
267,10513
268,5970
269,8070
270,11257
271,11426
272,10078
273,11252
274,4814
275,3810
276,6380
277,9269
278,8868
279,8143
280,6113
281,12863
282,4565
283,10324
284,3656
285,6110
286,6793
287,8000
288,6223
289,6809
290,8044
291,3147
292,9254
293,4886
294,8354
295,6266
296,6549
297,6771
298,9981
299,6130
300,2000
301,10422
302,6405
303,13577
304,5920
305,4468
306,6420
307,13172
308,8114
309,8504
310,13981
311,4729
312,10052
313,10865
314,3389
315,10772
316,8936
317,6018
318,15295
319,11312
320,9634
321,5083
322,6181
323,9109
324,4301
325,9092
326,6665
327,5832
328,8784
329,7958
330,10313
331,8580
332,8189
333,13259
334,7633
335,11627
336,10883
337,2947
338,10921
339,2844
340,3392
341,5651
342,10679
343,2707
344,10203
345,11342
346,8576
347,9257
348,5043
349,6325
350,4077
351,6205
352,2482
353,8759
354,5942
355,12915
356,9217
357,9487
358,8630
359,10941
360,11670
361,8087
362,11846
363,2000
364,10871
365,4854
366,7418
367,8202
368,10482
369,8578
370,7229
371,6859
372,9658
373,4280
374,6650
375,5345
376,8731
377,2800
378,12399
379,12280
380,10129
381,7701
382,7629
383,2721
384,6118
385,4208
386,12421
387,7865
388,9802
389,12011
390,11217
391,6767
392,12402
393,15194
394,5145
395,10238
396,6080
397,8817
398,12282
399,7083
400,9616
401,9960
402,10936
403,12922
404,5944
405,16142
406,9179
407,4205
408,7878
409,9083
410,7154
411,10987
412,9726
413,11113
414,8664
415,11226
416,9168
417,4549
418,5363
419,6290
420,5692
421,7831
422,9349
423,7122
424,11954
425,7470
426,11872
427,11382
428,6490
429,9621
430,9273
431,7191
432,6832
433,12616
434,7260
435,11635
436,12917
437,9312
438,8920
439,6805
440,12556
441,5328
442,10951
443,10386
444,4331
445,12531
446,9436
447,4299
448,9500
449,13487
450,6020
451,4987
452,10873
453,9347
454,9954
455,8993
456,8192
457,6554
458,9500
459,5374
460,2659
461,7188
462,13392
463,7402
464,10938
465,6227
466,9059
467,8330
468,7725
469,11813
470,7424
471,6699
472,3847
473,8374
474,6441
475,3194
476,6327
477,4768
478,6103
479,11156
480,4060
481,10864
482,10125
483,6688
484,6445
485,6343
486,11297
487,6041
488,4069
489,9654
490,9089
491,10360
492,11798
493,8274
494,13776
495,3343
496,7226
497,7897
498,10274
499,12718
500,15880
501,10686
502,5503
503,10447
504,6012
505,10452
506,5780
507,5584
508,12687
509,7057
510,9154
511,12340
512,9945
513,11003
514,6817
515,11995
516,8953
517,7329
518,8682
519,8697
520,9123
521,8221
522,8206
523,4547
524,13670
525,4538
526,4078
527,8818
528,11126
529,9157
530,7363
531,11397
532,4718
533,9599
534,8084
535,2307
536,7532
537,9869
538,10831
539,8056
540,5005
541,8992
542,6896
543,7688
544,12672
545,6708
546,12488
547,6545
548,6316
549,12330
550,5888
551,12041
552,15378
553,14913
554,10402
555,10312
556,3548
557,5756
558,7263
559,5839
560,8805
561,9260
562,6996
563,12633
564,8717
565,11342
566,11824
567,10173
568,6781
569,8031
570,14159
571,8226
572,7042
573,7530
574,14147
575,14312
576,11955
577,5971
578,6852
579,12937
580,9793
581,9070
582,11116
583,10153
584,12567
585,9069
586,7854
587,6028
588,8110
589,11296
590,5981
591,12164
592,7664
593,7185
594,3642
595,7876
596,11557
597,4360
598,6212
599,16421
600,5462
601,5979
602,3582
603,6665
604,9820
605,10512
606,9853
607,7716
608,8674
609,9729
610,13343
611,3946
612,7676
613,8702
614,9246
615,11144
616,8946
617,11526
618,10745
619,8662
620,17614
621,7964
622,10142
623,11240
624,11260
625,3990
626,6576
627,6726
628,5912
629,10472
630,13715
631,9079
632,10546
633,4464
634,5650
635,8916
636,8600
637,13724
638,8059
639,13386
640,8893
641,11162
642,11623
643,9259
644,9189
645,9282
646,3987
647,6970
648,6002
649,11095
650,6198
651,9340
652,6446
653,10018
654,12004
655,7437
656,13618
657,12953
658,11983
659,4236
660,16236
661,6751
662,12669
663,3077
664,9675
665,7938
666,10732
667,7976
668,13513
669,11213
670,3444
671,11010
672,5928
673,10380
674,14720
675,16461
676,7148
677,5240
678,8030
679,8665
680,4501
681,3198
682,4423
683,7830
684,5032
685,6692
686,3870
687,13027
688,8810
689,10996
690,11440
691,6913
692,9152
693,11657
694,6528
695,5987
696,11396
697,2956
698,12112
699,12752
700,10671
701,11834
702,8163
703,5331
704,9526
705,10450
706,9054
707,12071
708,9270
709,11601
710,15398
711,10585
712,15191
713,10899
714,7494
715,5613
716,6062
717,11769
718,9977
719,7960
720,12249
721,5714
722,9816
723,12072
724,10520
725,8570
726,13207
727,7291
728,4739
729,4219
730,11991
731,7752
732,14507
733,6231
734,5078
735,4862
736,8572
737,12864
738,11674
739,12634
740,10353
741,4245
742,3916
743,14309
744,10483
745,8973
746,6880
747,10262
748,11101
749,11758
750,7747
751,10806
752,9392
753,8747
754,11540
755,10670
756,9243
757,12959
758,12450
759,6524
760,9661
761,12343
762,2150
763,11727
764,5565
765,7912
766,11533
767,10127
768,6890
769,13539
770,12367
771,4262
772,16893
773,9186
774,10823
775,6793
776,7430
777,8955
778,10072
779,6193
780,4323
781,10041
782,8913
783,9516
784,7748
785,6570
786,4028
787,9879
788,2000
789,7971
790,6621
791,10944
792,13538
793,6840
794,2556
795,9682
796,3926
797,10071
798,11436
799,4102
800,6332
801,13353
802,13047
803,9617
804,9689
805,7088
806,4811
807,7725
808,11294
809,13195
810,9049
811,6029
812,16333
813,11188
814,10327
815,7012
816,12954
817,4209
818,9143
819,8684
820,8359
821,9557
822,11188
823,5273
824,11196
825,8034
826,8217
827,9387
828,14486
829,12480
830,4682
831,6468
832,8778
833,5957
834,7459
835,11311
836,2000
837,5745
838,6831
839,11285
840,11426
841,7014
842,9958
843,11033
844,9997
845,8990
846,8620
847,3535
848,10144
849,11557
850,9874
851,12279
852,4625
853,4053
854,11003
855,6833
856,11161
857,6743
858,10251
859,14233
860,11225
861,5392
862,2000
863,6037
864,11537
865,10410
866,10132
867,8061
868,7472
869,12476
870,9098
871,8066
872,9408
873,12362
874,12044
875,12941
876,16146
877,6666
878,11842
879,6699
880,5536
881,7908
882,6314
883,8760
884,6661
885,11757
886,12527
887,9247
888,13947
889,7825
890,11791
891,8959
892,8842
893,8866
894,4803
895,15108
896,11081
897,4730
898,9686
899,10353
900,7563
901,9289
902,3872
903,7725
904,8803
905,10214
906,9026
907,11626
908,10872
909,5940
910,5917
911,12577
912,7689
913,6493
914,5979
915,12573
916,4197
917,8522
918,12901
919,13414
920,11663
921,3415
922,7057
923,5240
924,15026
925,9627
926,6166
927,11088
928,3535
929,3742
930,6907
931,14758
932,6956
933,6672
934,12294
935,5689
936,10734
937,12445
938,5308
939,6921
940,10917
941,8630
942,8659
943,5077
944,6896
945,4603
946,6671
947,8010
948,10210
949,6884
950,14471
951,2798
952,9125
953,14873
954,6940
955,9573
956,12944
957,11432
958,15416
959,9281
960,11666
961,7762
962,7262
963,12780
964,11757
965,3321
966,12700
967,9963
968,12758
969,6059
970,11054
971,9498
972,10080
973,2997
974,12388
975,5447
976,5101
977,9796
978,13017
979,10044
980,5466
981,9864
982,7866
983,6926
984,13296
985,8674
986,8367
987,13085
988,8414
989,6724
990,8144
991,8111
992,11223
993,2451
994,5361
995,4138
996,8564
997,3040
998,9809
999,10923
1000,6488
1001,6911
1002,8152
1003,12564
1004,8735
1005,5570
1006,4166
1007,13264
1008,8829
1009,3449
1010,12684
1011,5545
1012,10933
1013,8381
1014,9403
1015,7628
1016,4803
1017,12391
1018,8648
1019,5381
1020,2670
1021,8235
1022,8392
1023,11881
1024,7809
1025,8982
1026,10535
1027,8632
1028,5234
1029,6688
1030,13600
1031,11032
1032,4576
1033,8283
1034,12796
1035,11208
1036,9350
1037,12136
1038,10487
1039,11293
1040,9762
1041,8651
1042,4193
1043,8372
1044,12790
1045,8591
1046,4651
1047,11561
1048,10039
1049,5640
1050,11306
1051,9321
1052,5915
1053,7312
1054,12519
1055,12298
1056,6616
1057,13041
1058,9791
1059,5429
1060,11563
1061,7490
1062,2682
1063,7997
1064,9755
1065,4279
1066,9972
1067,7113
1068,4521
1069,6175
1070,4533
1071,5907
1072,5117
1073,8149
1074,10577
1075,8063
1076,6913
1077,8352
1078,9208
1079,4135
1080,8030
1081,4252
1082,7680
1083,2736
1084,12055
1085,9134
1086,5727
1087,8936
1088,10809
1089,10841
1090,7761
1091,11526
1092,6058
1093,7084
1094,8288
1095,11059
1096,14250
1097,8688
1098,2000
1099,9184
1100,13104
1101,5061
1102,14046
1103,3955
1104,6708
1105,5887
1106,10273
1107,10423
1108,10772
1109,10163
1110,6452
1111,14767
1112,6721
1113,13172
1114,8456
1115,8952
1116,10194
1117,4680
1118,6557
1119,5086
1120,14101
1121,13743
1122,14122
1123,10056
1124,11510
1125,14314
1126,9435
1127,8541
1128,12300
1129,5477
1130,11634
1131,13901
1132,11582
1133,8225
1134,10773
1135,5397
1136,15771
1137,8329
1138,7487
1139,13749
1140,10691
1141,5869
1142,8673
1143,7088
1144,4116
1145,10615
1146,13157
1147,5305
1148,5992
1149,6618
1150,9963
1151,9537
1152,4098
1153,9203
1154,4488
1155,14739
1156,13144
1157,7705
1158,12551
1159,8854
1160,3969
1161,8630
1162,10922
1163,12149
1164,11442
1165,7245
1166,6451
1167,8343
1168,6293
1169,5245
1170,14923
1171,8466
1172,5386
1173,9814
1174,10171
1175,7684
1176,4676
1177,8277
1178,10163
1179,12746
1180,3463
1181,9123
1182,13162
1183,13701
1184,3780
1185,13963
1186,8368
1187,7204
1188,6302
1189,12606
1190,5411
1191,8244
1192,10342
1193,6361
1194,13090
1195,7180
1196,8246
1197,9350
1198,9455
1199,10216
1200,8049
1201,5938
1202,14081
1203,8976
1204,8891
1205,8532
1206,13104
1207,7697
1208,5809
1209,11287
1210,10773
1211,9141
1212,8686
1213,10000
1214,13766
1215,5108
1216,15667
1217,7067
1218,5332
1219,8227
1220,9397
1221,10095
1222,13505
1223,12355
1224,11668
1225,9799
1226,5308
1227,8345
1228,8221
1229,10340
1230,8268
1231,4060
1232,2798
1233,9206
1234,12762
1235,6310
1236,12341
1237,9205
1238,7948
1239,6800
1240,8634
1241,9006
1242,5947
1243,7191
1244,3792
1245,9482
1246,10001
1247,5961
1248,11736
1249,7127
1250,8026
1251,11304
1252,14959
1253,7381
1254,5312
1255,2000
1256,4378
1257,9086
1258,8914
1259,6909
1260,6914
1261,7995
1262,4294
1263,10115
1264,4216
1265,8853
1266,8738
1267,9108
1268,8297
1269,10739
1270,5862
1271,9614
1272,7267
1273,10718
1274,9350
1275,5423
1276,8161
1277,9068
1278,8604
1279,14677
1280,12329
1281,5435
1282,9537
1283,8127
1284,10975
1285,9629
1286,10266
1287,6394
1288,12398
1289,4778
1290,3219
1291,4664
1292,12286
1293,9810
1294,6478
1295,9037
1296,9662
1297,7092
1298,11588
1299,11016
1300,13816
1301,11245
1302,8179
1303,3904
1304,5193
1305,5510
1306,13851
1307,7739
1308,5015
1309,11567
1310,7248
1311,8068
1312,9435
1313,7980
1314,10917
1315,5666
1316,9873
1317,9670
1318,10438
1319,6355
1320,13962
1321,11444
1322,10390
1323,5657
1324,6784
1325,16390
1326,10255
1327,17386
1328,10083
1329,6657
1330,6561
1331,7544
1332,7252
1333,3959
1334,14703
1335,10299
1336,11059
1337,8460
1338,9811
1339,6606
1340,12490
1341,6133
1342,3745
1343,8051
1344,7168
1345,8064
1346,13221
1347,7928
1348,7719
1349,10968
1350,2000
1351,7398
1352,8448
1353,4726
1354,10819
1355,3234
1356,6790
1357,13060
1358,7648
1359,9235
1360,4563
1361,11431
1362,14653
1363,5400
1364,13364
1365,12527
1366,7763
1367,10398
1368,4058
1369,5489
1370,9157
1371,10018
1372,8376
1373,10626
1374,9234
1375,5962
1376,10198
1377,6164
1378,7852
1379,13524
1380,9012
1381,8577
1382,7980
1383,9407
1384,10366
1385,10866
1386,10911
1387,6120
1388,2832
1389,10946
1390,10152
1391,4255
1392,10577
1393,8338
1394,5095
1395,9838
1396,8461
1397,15238
1398,4238
1399,4984
1400,9514
1401,11149
1402,13778
1403,6606
1404,10398
1405,11616
1406,7555
1407,8497
1408,12011
1409,2437
1410,9832
1411,9709
1412,6362
1413,4832
1414,5410
1415,10684
1416,3456
1417,9887
1418,7621
1419,3838
1420,14567
1421,4349
1422,12581
1423,11127
1424,12101
1425,7727
1426,9051
1427,12955
1428,8127
1429,7321
1430,11849
1431,8360
1432,11548
1433,12217
1434,11773
1435,8729
1436,9730
1437,11496
1438,13857
1439,12364
1440,10374
1441,3748
1442,12724
1443,8052
1444,13215
1445,5891
1446,2785
1447,9774
1448,9941
1449,9333
1450,8969
1451,9015
1452,11890
1453,8739
1454,13926
1455,7168
1456,8250
1457,13295
1458,11703
1459,5001
1460,11110
1461,7619
1462,3512
1463,11900
1464,13721
1465,11852
1466,10496
1467,8559
1468,11570
1469,13559
1470,5907
1471,10166
1472,14420
1473,8108
1474,10473
1475,11295
1476,12490
1477,13448
1478,10425
1479,9482
1480,6099
1481,6660
1482,9166
1483,9713
1484,7417
1485,8361
1486,9510
1487,7982
1488,4498
1489,8766
1490,8194
1491,7331
1492,7495
1493,10185
1494,11541
1495,13047
1496,10503
1497,13414
1498,11353
1499,10506
1500,9676
1501,8297
1502,10352
1503,7763
1504,8921
1505,15839
1506,10011
1507,7190
1508,5764
1509,5639
1510,2282
1511,6911
1512,9526
1513,7071
1514,8893
1515,9823
1516,7012
1517,6538
1518,14054
1519,8966
1520,9588
1521,8067
1522,7601
1523,5274
1524,10978
1525,7230
1526,3782
1527,10174
1528,8842
1529,7939
1530,13287
1531,8261
1532,11586
1533,8122
1534,8339
1535,3106
1536,11699
1537,5032
1538,6463
1539,6085
1540,6588
1541,4186
1542,7201
1543,3698
1544,11969
1545,8994
1546,5344
1547,11165
1548,11827
1549,5826
1550,8012
1551,4912
1552,10718
1553,9573
1554,10753
1555,10885
1556,11122
1557,13634
1558,8536
1559,13495
1560,9427
1561,7584
1562,9320
1563,5419
1564,9836
1565,4148
1566,10309
1567,9351
1568,10941
1569,3586
1570,11689
1571,4758
1572,4820
1573,12612
1574,4861
1575,6534
1576,7633
1577,2810
1578,8962
1579,7156
1580,7654
1581,10789
1582,5977
1583,9121
1584,7818
1585,17661
1586,8743
1587,5817
1588,7003
1589,7254
1590,8254
1591,8193
1592,3659
1593,6626
1594,7212
1595,3546
1596,7193
1597,8000
1598,3921
1599,8245
1600,2850
1601,7545
1602,14716
1603,10529
1604,11866
1605,12297
1606,8059
1607,10693
1608,13080
1609,9531
1610,5745
1611,8588
1612,9644
1613,15058
1614,5545
1615,11196
1616,9150
1617,5557
1618,11511
1619,8173
1620,4865
1621,10948
1622,7536
1623,12607
1624,9216
1625,8837
1626,7058
1627,12058
1628,7714
1629,10226
1630,8751
1631,8216
1632,9819
1633,3635
1634,6303
1635,9257
1636,7735
1637,14751
1638,11106
1639,7059
1640,7826
1641,11248
1642,10799
1643,7236
1644,13620
1645,9655
1646,8492
1647,5538
1648,5506
1649,10384
1650,16165
1651,12634
1652,11409
1653,7458
1654,11759
1655,10915
1656,7228
1657,3891
1658,11166
1659,2967
1660,5771
1661,9247
1662,9444
1663,6751
1664,12071
1665,12362
1666,6393
1667,9489
1668,5362
1669,6167
1670,9714
1671,7989
1672,5857
1673,11988
1674,9479
1675,5054
1676,5714
1677,5189
1678,5035
1679,8703
1680,11555
1681,2483
1682,4478
1683,3241
1684,11886
1685,14056
1686,5580
1687,2000
1688,6713
1689,7869
1690,7719
1691,10898
1692,8038
1693,10175
1694,10318
1695,12317
1696,2546
1697,11422
1698,9343
1699,15418
1700,7479
1701,3777
1702,7120
1703,10064
1704,11300
1705,12378
1706,7951
1707,4718
1708,3452
1709,9599
1710,9577
1711,6742
1712,3270
1713,6124
1714,3933
1715,6631
1716,7730
1717,6830
1718,12218
1719,12161
1720,7304
1721,7110
1722,10788
1723,11080
1724,8736
1725,8540
1726,5328
1727,15298
1728,7558
1729,8929
1730,7905
1731,13858
1732,11321
1733,13437
1734,9508
1735,6058
1736,7926
1737,8684
1738,8158
1739,9534
1740,5459
1741,12905
1742,8765
1743,10270
1744,7909
1745,11243
1746,8135
1747,7552
1748,2061
1749,7704
1750,15720
1751,10035
1752,5519
1753,8951
1754,7162
1755,10617
1756,10422
1757,8354
1758,12332
1759,8641
1760,8606
1761,6931
1762,12875
1763,8958
1764,7841
1765,8034
1766,7265
1767,10783
1768,3195
1769,6808
1770,6313
1771,15491
1772,7094
1773,10628
1774,11809
1775,4130
1776,8841
1777,8624
1778,7643
1779,12968
1780,11413
1781,10779
1782,7568
1783,3606
1784,12403
1785,12258
1786,11905
1787,7750
1788,10528
1789,11480
1790,6244
1791,10905
1792,15313
1793,11948
1794,9808
1795,8369
1796,8027
1797,9957
1798,4805
1799,5917
1800,4979
1801,3017
1802,11115
1803,6291
1804,8130
1805,11155
1806,9506
1807,8904
1808,5751
1809,8067
1810,8425
1811,7647
1812,9738
1813,6758
1814,9111
1815,5745
1816,7774
1817,8099
1818,9258
1819,12185
1820,7424
1821,9206
1822,8676
1823,8698
1824,12776
1825,9229
1826,11006
1827,11563
1828,3771
1829,14872
1830,10398
1831,6693
1832,7459
1833,14109
1834,10444
1835,14499
1836,6074
1837,9898
1838,4334
1839,12687
1840,7808
1841,3039
1842,6909
1843,8738
1844,4896
1845,5162
1846,7941
1847,14499
1848,5274
1849,8646
1850,10724
1851,11140
1852,9668
1853,11027
1854,9243
1855,8346
1856,17054
1857,8858
1858,9038
1859,5789
1860,8559
1861,10221
1862,2000
1863,9142
1864,11961
1865,12906
1866,7658
1867,14718
1868,8733
1869,2000
1870,10824
1871,13752
1872,10239
1873,6844
1874,5797
1875,6813
1876,8577
1877,9864
1878,13887
1879,5760
1880,12256
1881,11935
1882,3559
1883,10932
1884,4911
1885,7779
1886,6080
1887,4257
1888,4042
1889,8135
1890,8658
1891,7524
1892,11121
1893,10073
1894,9979
1895,12995
1896,12945
1897,5259
1898,12339
1899,10403
1900,16589
1901,11627
1902,13245
1903,7884
1904,9721
1905,4064
1906,3466
1907,14178
1908,10540
1909,9351
1910,5417
1911,10505
1912,13949
1913,8713
1914,11928
1915,9300
1916,3537
1917,15525
1918,6359
1919,5928
1920,7875
1921,8091
1922,5149
1923,6047
1924,8168
1925,3299
1926,3714
1927,8509
1928,9508
1929,9697
1930,10345
1931,7282
1932,13169
1933,6287
1934,10207
1935,14682
1936,8339
1937,13997
1938,8531
1939,13045
1940,8418
1941,13051
1942,10644
1943,7838
1944,6713
1945,8098
1946,14129
1947,9436
1948,11437
1949,11170
1950,11108
1951,7625
1952,8223
1953,10545
1954,9135
1955,17871
1956,9171
1957,10856
1958,6765
1959,9063
1960,8998
1961,2950
1962,8920
1963,6960
1964,6450
1965,11018
1966,13241
1967,8671
1968,7962
1969,7335
1970,17906
1971,12576
1972,10751
1973,4593
1974,3035
1975,5899
1976,4635
1977,9881
1978,11290
1979,13875
1980,4318
1981,4851
1982,10209
1983,10695
1984,11278
1985,9672
1986,10773
1987,8823
1988,9168
1989,11667
1990,11159
1991,8501
1992,10882
1993,5326
1994,8676
1995,5371
1996,3046
1997,14433
1998,6807
1999,11023
2000,9073
2001,5675
2002,5329
2003,12695
2004,9963
2005,11376
2006,4468
2007,7768
2008,10215
2009,11454
2010,4164
2011,8780
2012,2000
2013,6505
2014,10988
2015,11170
2016,5246
2017,11970
2018,8364
2019,7161
2020,4380
2021,12924
2022,6223
2023,13213
2024,10459
2025,11313
2026,11022
2027,9850
2028,11636
2029,12243
2030,8146
2031,12090
2032,6038
2033,7710
2034,5582
2035,6633
2036,10842
2037,6805
2038,6646
2039,9240
2040,7211
2041,11832
2042,8241
2043,10554
2044,10422
2045,7453
2046,10303
2047,7183
2048,7462
2049,7107
2050,3474
2051,10729
2052,8813
2053,10041
2054,8001
2055,9558
2056,12179
2057,11813
2058,4482
2059,7188
2060,12878
2061,7331
2062,13507
2063,6885
2064,9794
2065,7439
2066,7486
2067,11995
2068,8651
2069,12778
2070,6518
2071,6140
2072,10789
2073,11738
2074,8038
2075,2123
2076,11844
2077,2000
2078,5320
2079,9545
2080,14746
2081,9128
2082,11224
2083,6963
2084,13901
2085,9177
2086,6609
2087,10423
2088,7768
2089,8088
2090,10609
2091,5939
2092,10279
2093,4648
2094,13818
2095,10434
2096,12218
2097,14456
2098,5780
2099,4450
2100,9493
2101,10548
2102,7391
2103,2000
2104,7647
2105,6237
2106,6703
2107,7095
2108,13087
2109,12026
2110,10409
2111,6683
2112,9926
2113,7522
2114,13390
2115,3696
2116,11161
2117,6353
2118,9815
2119,8146
2120,11554
2121,5381
2122,13503
2123,6367
2124,3339
2125,9841
2126,9029
2127,2000
2128,7198
2129,14954
2130,11844
2131,8094
2132,4113
2133,6180
2134,13091
2135,10341
2136,10155
2137,4549
2138,5526
2139,10062
2140,5821
2141,2958
2142,7407
2143,9477
2144,10143
2145,13754
2146,9728
2147,10081
2148,7446
2149,8440
2150,6208
2151,8998
2152,3444
2153,13920
2154,11615
2155,9093
2156,10901
2157,9261
2158,10294
2159,13082
2160,6432
2161,8477
2162,6137
2163,9184
2164,10857
2165,8892
2166,13274
2167,6745
2168,8760
2169,11334
2170,12441
2171,11973
2172,10039
2173,8897
2174,5543
2175,4838
2176,7054
2177,7818
2178,7378
2179,7719
2180,4286
2181,11091
2182,8038
2183,9167
2184,4145
2185,9559
2186,7135
2187,10388
2188,5344
2189,6197
2190,11835
2191,14791
2192,6760
2193,4025
2194,8172
2195,7424
2196,12869
2197,10058
2198,3881
2199,3983
2200,5910
2201,13268
2202,9664
2203,11750
2204,8427
2205,10078
2206,7736
2207,8728
2208,9109
2209,14202
2210,10771
2211,5683
2212,12486
2213,11925
2214,3684
2215,8152
2216,7009
2217,10113
2218,13427
2219,12911
2220,13849
2221,12073
2222,11784
2223,11567
2224,9064
2225,10358
2226,9107
2227,8109
2228,2333
2229,9373
2230,13560
2231,8530
2232,13435
2233,6140
2234,4675
2235,7987
2236,6972
2237,6840
2238,8447
2239,13574
2240,7443
2241,13040
2242,12085
2243,9559
2244,11240
2245,8177
2246,13484
2247,14325
2248,10518
2249,14610
2250,5177
2251,4343
2252,9991
2253,5013
2254,7854
2255,12769
2256,11484
2257,11578
2258,11523
2259,10977
2260,11767
2261,10152
2262,10783
2263,2725
2264,4928
2265,11408
2266,12210
2267,5646
2268,10665
2269,6273
2270,9251
2271,12675
2272,8066
2273,10784
2274,14788
2275,9619
2276,6317
2277,10434
2278,2000
2279,15528
2280,8414
2281,12707
2282,14546
2283,8249
2284,5747
2285,11927
2286,11774
2287,12560
2288,6212
2289,11454
2290,14034
2291,5461
2292,9662
2293,8925
2294,7190
2295,10414
2296,10018
2297,12091
2298,4870
2299,9357
2300,9200
2301,8069
2302,8629
2303,4098
2304,12402
2305,11057
2306,10612
2307,7872
2308,8462
2309,8159
2310,7281
2311,9834
2312,4351
2313,12717
2314,8207
2315,7599
2316,5547
2317,15854
2318,13194
2319,10703
2320,12411
2321,7926
2322,13818
2323,7603
2324,10533
2325,8403
2326,12703
2327,8038
2328,12959
2329,8393
2330,12519
2331,11231
2332,9456
2333,11677
2334,8428
2335,11222
2336,10859
2337,11061
2338,8472
2339,11875
2340,10441
2341,15979
2342,6164
2343,8808
2344,12184
2345,5946
2346,9267
2347,12512
2348,7264
2349,6478
2350,14505
2351,7279
2352,11267
2353,10288
2354,3995
2355,8509
2356,7499
2357,6417
2358,10653
2359,6716
2360,11517
2361,11951
2362,8372
2363,11836
2364,7695
2365,12869
2366,9267
2367,8153
2368,10038
2369,5424
2370,9075
2371,9182
2372,7701
2373,12407
2374,6549
2375,4759
2376,10056
2377,5675
2378,11017
2379,8745
2380,2505
2381,6282
2382,9450
2383,8862
2384,6777
2385,5997
2386,12117
2387,14700
2388,7912
2389,10142
2390,10391
2391,8125
2392,12368
2393,15325
2394,6510
2395,12449
2396,6019
2397,7767
2398,4825
2399,5239
2400,6608
2401,2761
2402,5494
2403,10848
2404,5259
2405,11864
2406,5196
2407,8689
2408,7914
2409,5475
2410,7720
2411,6726
2412,8282
2413,6762
2414,12092
2415,14818
2416,9695
2417,4412
2418,10508
2419,8571
2420,6933
2421,7851
2422,8945
2423,4567
2424,7241
2425,5497
2426,9565
2427,10215
2428,7883
2429,6391
2430,9283
2431,11766
2432,9851
2433,6128
2434,7784
2435,8871
2436,5814
2437,6051
2438,6034
2439,9143
2440,9472
2441,6757
2442,5192
2443,9129
2444,5011
2445,9553
2446,10383
2447,8405
2448,9827
2449,13111
2450,5831
2451,7324
2452,10423
2453,8624
2454,11336
2455,7567
2456,13118
2457,6764
2458,10635
2459,16705
2460,2948
2461,14991
2462,8234
2463,11372
2464,3758
2465,12256
2466,9720
2467,13565
2468,13789
2469,2740
2470,9674
2471,12028
2472,5565
2473,6311
2474,11213
2475,5311
2476,2631
2477,7695
2478,9222
2479,9671
2480,6790
2481,9299
2482,7524
2483,12206
2484,7742
2485,7740
2486,10556
2487,3063
2488,12544
2489,12948
2490,7417
2491,7679
2492,15090
2493,9120
2494,15354
2495,2927
2496,3519
2497,6050
2498,8237
2499,7834
2500,12011
2501,5758
2502,6878
2503,8594
2504,10660
2505,6251
2506,6858
2507,4355
2508,4407
2509,11978
2510,9438
2511,11264
2512,8287
2513,9136
2514,5651
2515,8902
2516,9510
2517,11129
2518,13318
2519,9809
2520,10872
2521,12960
2522,8298
2523,9687
2524,18017
2525,11812
2526,3832
2527,7181
2528,11957
2529,12301
2530,6947
2531,8838
2532,6561
2533,9301
2534,10001
2535,13806
2536,3632
2537,9360
2538,4881
2539,9306
2540,8047
2541,12766
2542,8562
2543,8084
2544,11454
2545,7706
2546,13008
2547,10186
2548,4314
2549,7238
2550,15380
2551,9883
2552,13443
2553,2471
2554,11399
2555,7189
2556,4218
2557,10933
2558,8743
2559,10733
2560,8638
2561,11863
2562,3854
2563,6123
2564,5186
2565,10583
2566,6565
2567,7216
2568,10799
2569,11382
2570,13124
2571,5457
2572,4426
2573,11120
2574,5115
2575,5731
2576,10703
2577,7384
2578,8541
2579,12133
2580,11875
2581,6653
2582,3886
2583,5986
2584,7047
2585,7466
2586,9626
2587,14478
2588,9698
2589,10326
2590,2794
2591,11442
2592,10487
2593,9234
2594,10156
2595,8819
2596,10403
2597,12380
2598,13481
2599,9968
2600,9282
2601,3784
2602,9797
2603,15508
2604,6410
2605,9885
2606,4719
2607,9931
2608,5887
2609,11037
2610,9432
2611,8689
2612,9644
2613,5384
2614,8369
2615,6902
2616,10483
2617,10121
2618,9877
2619,5104
2620,8293
2621,13251
2622,13300
2623,10360
2624,10370
2625,12840
2626,9088
2627,4793
2628,10850
2629,5835
2630,8115
2631,13393
2632,8653
2633,6682
2634,7102
2635,7878
2636,9327
2637,8120
2638,12634
2639,7438
2640,6629
2641,14052
2642,13413
2643,7337
2644,16818
2645,8093
2646,6625
2647,12248
2648,5834
2649,11529
2650,15743
2651,6842
2652,12991
2653,6620
2654,6420
2655,7942
2656,8648
2657,10340
2658,10866
2659,8636
2660,9608
2661,2000
2662,11585
2663,13990
2664,8082
2665,13663
2666,10094
2667,7297
2668,10993
2669,6137
2670,14512
2671,12815
2672,5579
2673,4485
2674,8301
2675,12173
2676,7160
2677,13072
2678,11961
2679,13225
2680,8212
2681,9216
2682,2341
2683,10586
2684,7994
2685,3075
2686,8120
2687,15853
2688,11272
2689,10656
2690,2948
2691,9054
2692,11588
2693,3615
2694,11576
2695,8721
2696,5543
2697,11127
2698,12449
2699,11874
2700,14164
2701,7408
2702,11984
2703,6653
2704,6575
2705,11689
2706,7629
2707,9515
2708,7637
2709,8605
2710,8374
2711,3577
2712,6814
2713,10640
2714,10193
2715,3954
2716,12201
2717,9521
2718,13610
2719,10788
2720,10688
2721,7367
2722,7885
2723,11332
2724,8357
2725,2329
2726,10498
2727,9787
2728,9719
2729,11474
2730,8763
2731,5137
2732,6590
2733,15183
2734,6891
2735,2696
2736,4996
2737,8685
2738,7660
2739,6488
2740,7302
2741,11838
2742,6336
2743,6648
2744,8333
2745,5098
2746,9833
2747,15207
2748,16044
2749,8942
2750,4676
2751,5986
2752,9891
2753,4545
2754,14514
2755,5559
2756,8426
2757,6128
2758,7026
2759,8988
2760,10689
2761,6286
2762,9558
2763,6866
2764,11473
2765,4731
2766,14564
2767,4936
2768,8860
2769,6162
2770,6438
2771,14739
2772,6004
2773,5499
2774,5443
2775,8273
2776,5265
2777,3820
2778,8014
2779,11343
2780,7474
2781,15761
2782,6559
2783,13674
2784,5320
2785,6093
2786,7858
2787,6917
2788,10401
2789,5280
2790,7699
2791,8888
2792,9882
2793,4507
2794,8359
2795,12033
2796,11964
2797,7089
2798,4395
2799,6781
2800,5321
2801,13132
2802,8021
2803,7378
2804,12062
2805,4565
2806,9450
2807,14678
2808,4788
2809,4596
2810,14431
2811,3985
2812,13109
2813,5526
2814,12087
2815,8663
2816,9543
2817,9037
2818,8614
2819,7821
2820,12918
2821,13536
2822,7418
2823,2916
2824,2000
2825,5420
2826,8628
2827,3919
2828,9292
2829,8958
2830,6522
2831,11408
2832,4576
2833,7893
2834,6414
2835,7253
2836,5169
2837,8217
2838,11393
2839,7305
2840,5127
2841,8274
2842,5286
2843,11293
2844,6447
2845,14019
2846,9008
2847,7706
2848,5327
2849,9856
2850,7603
2851,10660
2852,6560
2853,13066
2854,5610
2855,5989
2856,7315
2857,6551
2858,6453
2859,8364
2860,13603
2861,7747
2862,10533
2863,6823
2864,9590
2865,12679
2866,7585
2867,9417
2868,5225
2869,5255
2870,7790
2871,7650
2872,6981
2873,16492
2874,8432
2875,6972
2876,10285
2877,3746
2878,9352
2879,8186
2880,6011
2881,9788
2882,9319
2883,8214
2884,15070
2885,6100
2886,10923
2887,12815
2888,9763
2889,8825
2890,8173
2891,9516
2892,14567
2893,9467
2894,11601
2895,12121
2896,8582
2897,5045
2898,8293
2899,5348
2900,9299
2901,4693
2902,6243
2903,6061
2904,8504
2905,16619
2906,3882
2907,12616
2908,8876
2909,7458
2910,7572
2911,10271
2912,8283
2913,11931
2914,6797
2915,10390
2916,2336
2917,10213
2918,9071
2919,12468
2920,9562
2921,7550
2922,6862
2923,7269
2924,8349
2925,11528
2926,12981
2927,7130
2928,11615
2929,11767
2930,2867
2931,8001
2932,10145
2933,7169
2934,9679
2935,10979
2936,4774
2937,6396
2938,3786
2939,4008
2940,10066
2941,5368
2942,4737
2943,8366
2944,7707
2945,9930
2946,8559
2947,10559
2948,4259
2949,13396
2950,13804
2951,9184
2952,11591
2953,7503
2954,9791
2955,5958
2956,6362
2957,9546
2958,10580
2959,12034
2960,13682
2961,2715
2962,7565
2963,11348
2964,9428
2965,9740
2966,7423
2967,4819
2968,9396
2969,12028
2970,8322
2971,5942
2972,12144
2973,11426
2974,11309
2975,12728
2976,6988
2977,12091
2978,12537
2979,5196
2980,7047
2981,11232
2982,8220
2983,9757
2984,4423
2985,10277
2986,8046
2987,8001
2988,9813
2989,4623
2990,11040
2991,9005
2992,6577
2993,3602
2994,5863
2995,10380
2996,11976
2997,8254
2998,7090
2999,7731
3000,8739
3001,10728
3002,11499
3003,4833
3004,11548
3005,9783
3006,9738
3007,8751
3008,5511
3009,6659
3010,13146
3011,12440
3012,5340
3013,2032
3014,10338
3015,11256
3016,10267
3017,9428
3018,5583
3019,9258
3020,9543
3021,8022
3022,11890
3023,9134
3024,11907
3025,11801
3026,7021
3027,9453
3028,7754
3029,9977
3030,6600
3031,15768
3032,8709
3033,8299
3034,10159
3035,4584
3036,16047
3037,9886
3038,5120
3039,8732
3040,11602
3041,11253
3042,7883
3043,8609
3044,8579
3045,7865
3046,3512
3047,8183
3048,10530
3049,10897
3050,7349
3051,10698
3052,4403
3053,11249
3054,8679
3055,3623
3056,12516
3057,7195
3058,14588
3059,3449
3060,5494
3061,12026
3062,10485
3063,8555
3064,5288
3065,10028
3066,7745
3067,7947
3068,3545
3069,10437
3070,9896
3071,3418
3072,9120
3073,10639
3074,13117
3075,2300
3076,10848
3077,10365
3078,7182
3079,4474
3080,12629
3081,8433
3082,8010
3083,9548
3084,6401
3085,6711
3086,13220
3087,9658
3088,7402
3089,9839
3090,9957
3091,13298
3092,7642
3093,9558
3094,11559
3095,8186
3096,7745
3097,8619
3098,6313
3099,8562
3100,8654
3101,11177
3102,7354
3103,9674
3104,10612
3105,10951
3106,2120
3107,10286
3108,14565
3109,10810
3110,5214
3111,10128
3112,11449
3113,2721
3114,6695
3115,12004
3116,5988
3117,11046
3118,8829
3119,3096
3120,8092
3121,11266
3122,13744
3123,3360
3124,7639
3125,8019
3126,11306
3127,8283
3128,12269
3129,11403
3130,6261
3131,9678
3132,8976
3133,10240
3134,12764
3135,5004
3136,3544
3137,6026
3138,10991
3139,6657
3140,10059
3141,13840
3142,13379
3143,11633
3144,2000
3145,10530
3146,12333
3147,6958
3148,9866
3149,11539
3150,6575
3151,7044
3152,6764
3153,8273
3154,2512
3155,10656
3156,6875
3157,12580
3158,8603
3159,9271
3160,5236
3161,6950
3162,8632
3163,6683
3164,8612
3165,12766
3166,8594
3167,14168
3168,15753
3169,8417
3170,9439
3171,7154
3172,6649
3173,7503
3174,10851
3175,6682
3176,13997
3177,13074
3178,2512
3179,7105
3180,9266
3181,10323
3182,2383
3183,11062
3184,6466
3185,12279
3186,7475
3187,4162
3188,8674
3189,14316
3190,7996
3191,16179
3192,9247
3193,7876
3194,7876
3195,10926
3196,3275
3197,11522
3198,8114
3199,10272
3200,6475
3201,5374
3202,11213
3203,6037
3204,4425
3205,2919
3206,7782
3207,11836
3208,6389
3209,8418
3210,10766
3211,9881
3212,11345
3213,9721
3214,9111
3215,8222
3216,8679
3217,6358
3218,9820
3219,9695
3220,9257
3221,7349
3222,13329
3223,10730
3224,7070
3225,10876
3226,8630
3227,6167
3228,7377
3229,8784
3230,10657
3231,5043
3232,6937
3233,4700
3234,12120
3235,5296
3236,13081
3237,10157
3238,10090
3239,13287
3240,12985
3241,5077
3242,10044
3243,6863
3244,4523
3245,5394
3246,6435
3247,7430
3248,10026
3249,2000
3250,8224
3251,13172
3252,4117
3253,9149
3254,13196
3255,12302
3256,10226
3257,8859
3258,3014
3259,12343
3260,9064
3261,11876
3262,5529
3263,7435
3264,8878
3265,5693
3266,9103
3267,7480
3268,5946
3269,12209
3270,4111
3271,8126
3272,7312
3273,8248
3274,14233
3275,8186
3276,9055
3277,2000
3278,5251
3279,5177
3280,4763
3281,8059
3282,2598
3283,10822
3284,9520
3285,14288
3286,7545
3287,2000
3288,4673
3289,10259
3290,5236
3291,12681
3292,13836
3293,9221
3294,4300
3295,5545
3296,5783
3297,5620
3298,11565
3299,9274
3300,5642
3301,5891
3302,6076
3303,11537
3304,4502
3305,4214
3306,5520
3307,10259
3308,11551
3309,11421
3310,9756
3311,5862
3312,5852
3313,7023
3314,6855
3315,9437
3316,7987
3317,8559
3318,11663
3319,12071
3320,5860
3321,9208
3322,5098
3323,11410
3324,2445
3325,12176
3326,4803
3327,7890
3328,10663
3329,15221
3330,6285
3331,9293
3332,6737
3333,14988
3334,9723
3335,8696
3336,6506
3337,8843
3338,8595
3339,2625
3340,8289
3341,8858
3342,9270
3343,9110
3344,10597
3345,11188
3346,8650
3347,6697
3348,6687
3349,3644
3350,9038
3351,4792
3352,5763
3353,3970
3354,8295
3355,14519
3356,12451
3357,8908
3358,14154
3359,10313
3360,7896
3361,2000
3362,6176
3363,6434
3364,12607
3365,11173
3366,4654
3367,10104
3368,10199
3369,6669
3370,10683
3371,11162
3372,11685
3373,11799
3374,10107
3375,2620
3376,10465
3377,10423
3378,9979
3379,4639
3380,5678
3381,11943
3382,3764
3383,9942
3384,7016
3385,4142
3386,11385
3387,14146
3388,11794
3389,7013
3390,8535
3391,6318
3392,11231
3393,7188
3394,8204
3395,5066
3396,11592
3397,13416
3398,7175
3399,10189
3400,5306
3401,9341
3402,4795
3403,13474
3404,12167
3405,8103
3406,7477
3407,11784
3408,10596
3409,4247
3410,9082
3411,4637
3412,7155
3413,4119
3414,9104
3415,12829
3416,8275
3417,2603
3418,11316
3419,10076
3420,11832
3421,3950
3422,4869
3423,9325
3424,15200
3425,11701
3426,10358
3427,8974
3428,14351
3429,5770
3430,7789
3431,9979
3432,7780
3433,15733
3434,15170
3435,7441
3436,7638
3437,11430
3438,5214
3439,3539
3440,15603
3441,7278
3442,10458
3443,13483
3444,7167
3445,10127
3446,10848
3447,9927
3448,11369
3449,6599
3450,4827
3451,10090
3452,8998
3453,13407
3454,5947
3455,8332
3456,12527
3457,8491
3458,8371
3459,13650
3460,13809
3461,13563
3462,10319
3463,4869
3464,7236
3465,7098
3466,7862
3467,10306
3468,7685
3469,15140
3470,5462
3471,15673
3472,13181
3473,7541
3474,8203
3475,3960
3476,8745
3477,12658
3478,11135
3479,5273
3480,12533
3481,12114
3482,8504
3483,13249
3484,10511
3485,11367
3486,4398
3487,10939
3488,10463
3489,8818
3490,7903
3491,8221
3492,8828
3493,13165
3494,5505
3495,10489
3496,10993
3497,3245
3498,8473
3499,10624
3500,15055
3501,12731
3502,3915
3503,3609
3504,7640
3505,7109
3506,12735
3507,8381
3508,3984
3509,7951
3510,7209
3511,6630
3512,9114
3513,2233
3514,14326
3515,11956
3516,7431
3517,8263
3518,9975
3519,16383
3520,8290
3521,7841
3522,11467
3523,6774
3524,11735
3525,12008
3526,11244
3527,10302
3528,11435
3529,5772
3530,14017
3531,8456
3532,7020
3533,10056
3534,14271
3535,6952
3536,9812
3537,8545
3538,6742
3539,3384
3540,9718
3541,14491
3542,12113
3543,10040
3544,10408
3545,9014
3546,12772
3547,7001
3548,14357
3549,2254
3550,7364
3551,7519
3552,8587
3553,8102
3554,6860
3555,10488
3556,13724
3557,10085
3558,12460
3559,3827
3560,12871
3561,13496
3562,14512
3563,8794
3564,6041
3565,12876
3566,8443
3567,8589
3568,6917
3569,6101
3570,5760
3571,2000
3572,10334
3573,10168
3574,2524
3575,10456
3576,15248
3577,7803
3578,7887
3579,6092
3580,12808
3581,4478
3582,3209
3583,11206
3584,10467
3585,9445
3586,16304
3587,9643
3588,8066
3589,8427
3590,7644
3591,7647
3592,6529
3593,8514
3594,11689
3595,9252
3596,8012
3597,10668
3598,10518
3599,9810
3600,9120
3601,12084
3602,12731
3603,8576
3604,13463
3605,4971
3606,8205
3607,4919
3608,12386
3609,3684
3610,7321
3611,5113
3612,10621
3613,8756
3614,5672
3615,6125
3616,7610
3617,3381
3618,4172
3619,8903
3620,12103
3621,5628
3622,4631
3623,9476
3624,8015
3625,10589
3626,9094
3627,3884
3628,4690
3629,3479
3630,9545
3631,5698
3632,8127
3633,16496
3634,4157
3635,8241
3636,9927
3637,2987
3638,11572
3639,5747
3640,5165
3641,14433
3642,8420
3643,8292
3644,4640
3645,5244
3646,3875
3647,10706
3648,9881
3649,7462
3650,11666
3651,5775
3652,16342
3653,2065
3654,12363
3655,11493
3656,8201
3657,7143
3658,9754
3659,5671
3660,8036
3661,5650
3662,8536
3663,10769
3664,4184
3665,14905
3666,7437
3667,5161
3668,4866
3669,11139
3670,15084
3671,9276
3672,8838
3673,7449
3674,8419
3675,14036
3676,9275
3677,9474
3678,12148
3679,11901
3680,10694
3681,6806
3682,15413
3683,12107
3684,4900
3685,8034
3686,10289
3687,10593
3688,8040
3689,5432
3690,10629
3691,8671
3692,12728
3693,12412
3694,9276
3695,10767
3696,6172
3697,2951
3698,4349
3699,8140
3700,10195
3701,4999
3702,8856
3703,6867
3704,12006
3705,10576
3706,9030
3707,6784
3708,5540
3709,11135
3710,5046
3711,9219
3712,9854
3713,8284
3714,8284
3715,3424
3716,5584
3717,5789
3718,11342
3719,10155
3720,10329
3721,3587
3722,12436
3723,8352
3724,11697
3725,8727
3726,10702
3727,4382
3728,2052
3729,11674
3730,8912
3731,9634
3732,4394
3733,10565
3734,11048
3735,9468
3736,5667
3737,14508
3738,7955
3739,3800
3740,10065
3741,6722
3742,12112
3743,6646
3744,5504
3745,7204
3746,14462
3747,5232
3748,6919
3749,7555
3750,7514
3751,2707
3752,9275
3753,9704
3754,14182
3755,10429
3756,8540
3757,4053
3758,5390
3759,9615
3760,5418
3761,4144
3762,8683
3763,7680
3764,6386
3765,6021
3766,8042
3767,8384
3768,11944
3769,4970
3770,3269
3771,4159
3772,10955
3773,6127
3774,10689
3775,10600
3776,12045
3777,2937
3778,14338
3779,9351
3780,8534
3781,6781
3782,7883
3783,7954
3784,2597
3785,10670
3786,8048
3787,4216
3788,4692
3789,7104
3790,7840
3791,7941
3792,6562
3793,10698
3794,9824
3795,8473
3796,17072
3797,3098
3798,9149
3799,10912
3800,6492
3801,11735
3802,4640
3803,6397
3804,11927
3805,9183
3806,9597
3807,5506
3808,14765
3809,6568
3810,16717
3811,8921
3812,8813
3813,8402
3814,14737
3815,11551
3816,9452
3817,10047
3818,10229
3819,11241
3820,6557
3821,5063
3822,11767
3823,5685
3824,14039
3825,9889
3826,11371
3827,12013
3828,10623
3829,2000
3830,7434
3831,9727
3832,6219
3833,2000
3834,6990
3835,8215
3836,7943
3837,13078
3838,12354
3839,10905
3840,7638
3841,5010
3842,4699
3843,5430
3844,9307
3845,8292
3846,11484
3847,15357
3848,6609
3849,11426
3850,4227
3851,11441
3852,4844
3853,3252
3854,6043
3855,9318
3856,12821
3857,11530
3858,8023
3859,4425
3860,3191
3861,6845
3862,9775
3863,13908
3864,8816
3865,12810
3866,13961
3867,8257
3868,10068
3869,5802
3870,4814
3871,2788
3872,11469
3873,12383
3874,5367
3875,12168
3876,12287
3877,12666
3878,10368
3879,12925
3880,5747
3881,9693
3882,2487
3883,7835
3884,3767
3885,6662
3886,13034
3887,14183
3888,6818
3889,6312
3890,12108
3891,10223
3892,11688
3893,11184
3894,9899
3895,11026
3896,10203
3897,12091
3898,5885
3899,10505
3900,6355
3901,7840
3902,11249
3903,8221
3904,7965
3905,9260
3906,5198
3907,7092
3908,9997
3909,3263
3910,14390
3911,10604
3912,7663
3913,7925
3914,8492
3915,8577
3916,9890
3917,6375
3918,4207
3919,10971
3920,8205
3921,14923
3922,9279
3923,2000
3924,10248
3925,11394
3926,5753
3927,12488
3928,14305
3929,15051
3930,4806
3931,8576
3932,12116
3933,9605
3934,8852
3935,6068
3936,7186
3937,3862
3938,7767
3939,9579
3940,7262
3941,9847
3942,15745
3943,6456
3944,9335
3945,8214
3946,4034
3947,5834
3948,11322
3949,14794
3950,9093
3951,6971
3952,10256
3953,6113
3954,15541
3955,2374
3956,14938
3957,13734
3958,4912
3959,14503
3960,10175
3961,6735
3962,12741
3963,14103
3964,7950
3965,13303
3966,10860
3967,4398
3968,6950
3969,12065
3970,5178
3971,8841
3972,13872
3973,9489
3974,13227
3975,10383
3976,10595
3977,9506
3978,4765
3979,4361
3980,9592
3981,9618
3982,14196
3983,7380
3984,8722
3985,9664
3986,5351
3987,8256
3988,6536
3989,6335
3990,15469
3991,11210
3992,7088
3993,10383
3994,5601
3995,8376
3996,10815
3997,10681
3998,16854
3999,7992
4000,9259
4001,12952
4002,8595
4003,13841
4004,9142
4005,10510
4006,13251
4007,7065
4008,10837
4009,5654
4010,3109
4011,3091
4012,9273
4013,11981
4014,12106
4015,10613
4016,8931
4017,11008
4018,10550
4019,8145
4020,9811
4021,9666
4022,9475
4023,3891
4024,6831
4025,11834
4026,3908
4027,8283
4028,8194
4029,9525
4030,7843
4031,13147
4032,10424
4033,11343
4034,3670
4035,5857
4036,11190
4037,9402
4038,10361
4039,4436
4040,6691
4041,10509
4042,11953
4043,7163
4044,5843
4045,15482
4046,8901
4047,9262
4048,2535
4049,5950
4050,4392
4051,9376
4052,9189
4053,5208
4054,6747
4055,12689
4056,3579
4057,15289
4058,8608
4059,11534
4060,8090
4061,7057
4062,7202
4063,11453
4064,7695
4065,11020
4066,7632
4067,6595
4068,7497
4069,8839
4070,7197
4071,14538
4072,9046
4073,7318
4074,10474
4075,16235
4076,8721
4077,10414
4078,3563
4079,7002
4080,12456
4081,4680
4082,9925
4083,11825
4084,8849
4085,9150
4086,9896
4087,11335
4088,10526
4089,13039
4090,9215
4091,8491
4092,10837
4093,4642
4094,6088
4095,12467
4096,4963
4097,6093
4098,6347
4099,6284
4100,14156
4101,8854
4102,6142
4103,3172
4104,3490
4105,10183
4106,7491
4107,9849
4108,6972
4109,10246
4110,12470
4111,10706
4112,10357
4113,2964
4114,9221
4115,7124
4116,7866
4117,8717
4118,7940
4119,13888
4120,9279
4121,9204
4122,7784
4123,6558
4124,10064
4125,12494
4126,8957
4127,8053
4128,7894
4129,3468
4130,7701
4131,8832
4132,9045
4133,9120
4134,8140
4135,5818
4136,12381
4137,8213
4138,11660
4139,5736
4140,13911
4141,10404
4142,7031
4143,10546
4144,13943
4145,10514
4146,13939
4147,8054
4148,15357
4149,8700
4150,12474
4151,9026
4152,5276
4153,11864
4154,13139
4155,12145
4156,11251
4157,6013
4158,5327
4159,4174
4160,10725
4161,15366
4162,9485
4163,4968
4164,9443
4165,8292
4166,7779
4167,4556
4168,3515
4169,7311
4170,13021
4171,10641
4172,8425
4173,8903
4174,7580
4175,8452
4176,5544
4177,8086
4178,7140
4179,8547
4180,17311
4181,11659
4182,12231
4183,4631
4184,8654
4185,11061
4186,6870
4187,7491
4188,7302
4189,6255
4190,7987
4191,5524
4192,10411
4193,12264
4194,5086
4195,9907
4196,13869
4197,9188
4198,6483
4199,7329
4200,10693
4201,5244
4202,7960
4203,10938
4204,7498
4205,4734
4206,7700
4207,12090
4208,3553
4209,7902
4210,2000
4211,2534
4212,8815
4213,11162
4214,6828
4215,7901
4216,4760
4217,8202
4218,13491
4219,10259
4220,7136
4221,9255
4222,13209
4223,12381
4224,14169
4225,4354
4226,5711
4227,9589
4228,7056
4229,4099
4230,8349
4231,12709
4232,9958
4233,3617
4234,7452
4235,9706
4236,8565
4237,2000
4238,2000
4239,12620
4240,4369
4241,13904
4242,9318
4243,11643
4244,11282
4245,7451
4246,9762
4247,7459
4248,9652
4249,6439
4250,12223
4251,8511
4252,8680
4253,10025
4254,10202
4255,7971
4256,12123
4257,11327
4258,11652
4259,14621
4260,11567
4261,9049
4262,7254
4263,11115
4264,11065
4265,8630
4266,9469
4267,10799
4268,9231
4269,8880
4270,11284
4271,8217
4272,8311
4273,7970
4274,10503
4275,8772
4276,14063
4277,6919
4278,9413
4279,9381
4280,9026
4281,11199
4282,4297
4283,7651
4284,7435
4285,9901
4286,4303
4287,11444
4288,11194
4289,9456
4290,13949
4291,5027
4292,11295
4293,11289
4294,9831
4295,13002
4296,10561
4297,7146
4298,10677
4299,5210
4300,7434
4301,13812
4302,8946
4303,12469
4304,11116
4305,6196
4306,10397
4307,13936
4308,8734
4309,11017
4310,5701
4311,12198
4312,3738
4313,7343
4314,5003
4315,8012
4316,11572
4317,6096
4318,10620
4319,7990
4320,8863
4321,11714
4322,7027
4323,16500
4324,6075
4325,4796
4326,8356
4327,10661
4328,5394
4329,7733
4330,6603
4331,4886
4332,2542
4333,12964
4334,4533
4335,8195
4336,7754
4337,9874
4338,7008
4339,7564
4340,13055
4341,11088
4342,14628
4343,7471
4344,8275
4345,10341
4346,15384
4347,13880
4348,4659
4349,9156
4350,8182
4351,10416
4352,8030
4353,10818
4354,11616
4355,11192
4356,6021
4357,5907
4358,6458
4359,7229
4360,12884
4361,7115
4362,5964
4363,9021
4364,7332
4365,8402
4366,8303
4367,4894
4368,6347
4369,9458
4370,4974
4371,10023
4372,8099
4373,3930
4374,3230
4375,6356
4376,6752
4377,9989
4378,9445
4379,12972
4380,2449
4381,9021
4382,8804
4383,10679
4384,5923
4385,3040
4386,2873
4387,11950
4388,14186
4389,3544
4390,9264
4391,11867
4392,11717
4393,6190
4394,11530
4395,7858
4396,2446
4397,13230
4398,9561
4399,10246
4400,10344
4401,8018
4402,12965
4403,6772
4404,10134
4405,6061
4406,14874
4407,7696
4408,2969
4409,12702
4410,11915
4411,7720
4412,10394
4413,5111
4414,10236
4415,4572
4416,10082
4417,8296
4418,7019
4419,10352
4420,13196
4421,9709
4422,12592
4423,5850
4424,8277
4425,5424
4426,10482
4427,7657
4428,7328
4429,2557
4430,4297
4431,4207
4432,8091
4433,13956
4434,9754
4435,7086
4436,8102
4437,6367
4438,7915
4439,3958
4440,3837
4441,7615
4442,14742
4443,6483
4444,9220
4445,5717
4446,5983
4447,11654
4448,8873
4449,16722
4450,6649
4451,4297
4452,3974
4453,5589
4454,9834
4455,14160
4456,9619
4457,5864
4458,8759
4459,8583
4460,14123
4461,6722
4462,4879
4463,9571
4464,5766
4465,9144
4466,4707
4467,4791
4468,10611
4469,10364
4470,11380
4471,9046
4472,7132
4473,4476
4474,4302
4475,12296
4476,5293
4477,5940
4478,9304
4479,6680
4480,13049
4481,13805
4482,5584
4483,5401
4484,16048
4485,10401
4486,7314
4487,14516
4488,4323
4489,5441
4490,9002
4491,11686
4492,7126
4493,9923
4494,11216
4495,4266
4496,6180
4497,3355
4498,7803
4499,9140
4500,9995
4501,7306
4502,12714
4503,15284
4504,13189
4505,9018
4506,6850
4507,9121
4508,8373
4509,5128
4510,2000
4511,17899
4512,12939
4513,7184
4514,6727
4515,11227
4516,7128
4517,9124
4518,8884
4519,11208
4520,7616
4521,13982
4522,10339
4523,12981
4524,11227
4525,12131
4526,9525
4527,3814
4528,5704
4529,12366
4530,5901
4531,4944
4532,10554
4533,13388
4534,7525
4535,8418
4536,2690
4537,9498
4538,9986
4539,9648
4540,9271
4541,3975
4542,5930
4543,5221
4544,12218
4545,12074
4546,8505
4547,8596
4548,12507
4549,7618
4550,11404
4551,10220
4552,9189
4553,10419
4554,4349
4555,10167
4556,8529
4557,15318
4558,7934
4559,8314
4560,11282
4561,9633
4562,4799
4563,12835
4564,9093
4565,8098
4566,6454
4567,10376
4568,4955
4569,7471
4570,11334
4571,2220
4572,9226
4573,7944
4574,6049
4575,4836
4576,12223
4577,8779
4578,9436
4579,4369
4580,7035
4581,7523
4582,6333
4583,3028
4584,11065
4585,10595
4586,8434
4587,10025
4588,11086
4589,8113
4590,7085
4591,9758
4592,12095
4593,6847
4594,15371
4595,4460
4596,7941
4597,12149
4598,14965
4599,9414
4600,9097
4601,8020
4602,10108
4603,15692
4604,7837
4605,8644
4606,11444
4607,16243
4608,2000
4609,13352
4610,12880
4611,6604
4612,11207
4613,11987
4614,7317
4615,4805
4616,4414
4617,7660
4618,10114
4619,11765
4620,13942
4621,4376
4622,7648
4623,10078
4624,9677
4625,11709
4626,11982
4627,11746
4628,9703
4629,7807
4630,7628
4631,5133
4632,10892
4633,5970
4634,10118
4635,8017
4636,9276
4637,7505
4638,4247
4639,13457
4640,11847
4641,10696
4642,8956
4643,10068
4644,6233
4645,7073
4646,9180
4647,12698
4648,7830
4649,3742
4650,13508
4651,11152
4652,4582
4653,12856
4654,9946
4655,14227
4656,3155
4657,7680
4658,12560
4659,11012
4660,9798
4661,10327
4662,11917
4663,7639
4664,4442
4665,10325
4666,6039
4667,5590
4668,9536
4669,9094
4670,8040
4671,14878
4672,10531
4673,9233
4674,5183
4675,13197
4676,6547
4677,6622
4678,9557
4679,8460
4680,4619
4681,8760
4682,4742
4683,10751
4684,11156
4685,11608
4686,8986
4687,9172
4688,10738
4689,13838
4690,8938
4691,12928
4692,6302
4693,4805
4694,14681
4695,11131
4696,6683
4697,3874
4698,10162
4699,11816
4700,13558
4701,3126
4702,13503
4703,8263
4704,15609
4705,12714
4706,6931
4707,6158
4708,15504
4709,5872
4710,13805
4711,7290
4712,9585
4713,10692
4714,7619
4715,9012
4716,9300
4717,10704
4718,11026
4719,11119
4720,8921
4721,8688
4722,6664
4723,8439
4724,9815
4725,2000
4726,2459
4727,11724
4728,11253
4729,6191
4730,6833
4731,8075
4732,8098
4733,12304
4734,8829
4735,9709
4736,8504
4737,6000
4738,9839
4739,9829
4740,14946
4741,2000
4742,11441
4743,9551
4744,6050
4745,8670
4746,13558
4747,3975
4748,6173
4749,7306
4750,10758
4751,8381
4752,10023
4753,13878
4754,14634
4755,9671
4756,7240
4757,11064
4758,6259
4759,2547
4760,8989
4761,6857
4762,9687
4763,9652
4764,7918
4765,8903
4766,12038
4767,9572
4768,9449
4769,4184
4770,5287
4771,8271
4772,11504
4773,6940
4774,11515
4775,10416
4776,8705
4777,5407
4778,5946
4779,9978
4780,10207
4781,6628
4782,11113
4783,14052
4784,6518
4785,8643
4786,10267
4787,10136
4788,3988
4789,10206
4790,13188
4791,6031
4792,7423
4793,7242
4794,11432
4795,5518
4796,11748
4797,11225
4798,9058
4799,11135
4800,6337
4801,7435
4802,13376
4803,9950
4804,9355
4805,11127
4806,5911
4807,12631
4808,10188
4809,8236
4810,11413
4811,4701
4812,12012
4813,9127
4814,15081
4815,13843
4816,10544
4817,10514
4818,9622
4819,11780
4820,12665
4821,12210
4822,10480
4823,9366
4824,5863
4825,10360
4826,14384
4827,5939
4828,10107
4829,15448
4830,12302
4831,10274
4832,8659
4833,5607
4834,3159
4835,12134
4836,5711
4837,7665
4838,8312
4839,13847
4840,8922
4841,10868
4842,7443
4843,8306
4844,8739
4845,7943
4846,7534
4847,4046
4848,2000
4849,4040
4850,5139
4851,9041
4852,6420
4853,9142
4854,6621
4855,11694
4856,8112
4857,9955
4858,3661
4859,11055
4860,6429
4861,10862
4862,9722
4863,6622
4864,2000
4865,6203
4866,7938
4867,14237
4868,10637
4869,7037
4870,15571
4871,8908
4872,8833
4873,7807
4874,10935
4875,9529
4876,2752
4877,10768
4878,8576
4879,7276
4880,7984
4881,11653
4882,3312
4883,9829
4884,10037
4885,7376
4886,7361
4887,10350
4888,13020
4889,10337
4890,11969
4891,9635
4892,8450
4893,4926
4894,12299
4895,11214
4896,6877
4897,3381
4898,5559
4899,2443
4900,6702
4901,11054
4902,10382
4903,4308
4904,10701
4905,8846
4906,4588
4907,4286
4908,6115
4909,4472
4910,11357
4911,4087
4912,10457
4913,4454
4914,13343
4915,7764
4916,8344
4917,11908
4918,10792
4919,4329
4920,7660
4921,10331
4922,5879
4923,5801
4924,9680
4925,7731
4926,8112
4927,11379
4928,3667
4929,9504
4930,8248
4931,4259
4932,12330
4933,4348
4934,4663
4935,12413
4936,6409
4937,10846
4938,8649
4939,6541
4940,6461
4941,5864
4942,6117
4943,12859
4944,8774
4945,11218
4946,6178
4947,10918
4948,6920
4949,7707
4950,3324
4951,5424
4952,3018
4953,8936
4954,6313
4955,8772
4956,11924
4957,13542
4958,10489
4959,12282
4960,9050
4961,14638
4962,5963
4963,2239
4964,4087
4965,12811
4966,6726
4967,11740
4968,4606
4969,11441
4970,7989
4971,3760
4972,10885
4973,15871
4974,8205
4975,11069
4976,5613
4977,7715
4978,5748
4979,13717
4980,3782
4981,12188
4982,8790
4983,4714
4984,4084
4985,11840
4986,11657
4987,13606
4988,8346
4989,15429
4990,11641
4991,10395
4992,12302
4993,6736
4994,6189
4995,6604
4996,13704
4997,2000
4998,6570
4999,15065
5000,10400
5001,6868
5002,6073
5003,4383
5004,6781
5005,10814
5006,6921
5007,7149
5008,11880
5009,10530
5010,8521
5011,8233
5012,11401
5013,7626
5014,10997
5015,11186
5016,7974
5017,9034
5018,5572
5019,5354
5020,4391
5021,9708
5022,4911
5023,8836
5024,5656
5025,13445
5026,4979
5027,14358
5028,4252
5029,16758
5030,14879
5031,15273
5032,12729
5033,10105
5034,6346
5035,7075
5036,13298
5037,7430
5038,10564
5039,15217
5040,14728
5041,14234
5042,6383
5043,11606
5044,13646
5045,11108
5046,13407
5047,9125
5048,9091
5049,9914
5050,9898
5051,7061
5052,5685
5053,10093
5054,10986
5055,11453
5056,12828
5057,5813
5058,9175
5059,4013
5060,11658
5061,7147
5062,6487
5063,10441
5064,11574
5065,7074
5066,5514
5067,12131
5068,11149
5069,4845
5070,12773
5071,7075
5072,9126
5073,10801
5074,10123
5075,9638
5076,11409
5077,10053
5078,10420
5079,5263
5080,7956
5081,7619
5082,11409
5083,6190
5084,7681
5085,7242
5086,12471
5087,6102
5088,9769
5089,6629
5090,13271
5091,9197
5092,3924
5093,11163
5094,9564
5095,7065
5096,9951
5097,10212
5098,6132
5099,6311
5100,7636
5101,12106
5102,11710
5103,9000
5104,5761
5105,8245
5106,9704
5107,4485
5108,2000
5109,11455
5110,2000
5111,11568
5112,7384
5113,9635
5114,7438
5115,10154
5116,7018
5117,2417
5118,9746
5119,9501
5120,9308
5121,9217
5122,3628
5123,8410
5124,11658
5125,8285
5126,8160
5127,9655
5128,11566
5129,6919
5130,11681
5131,7886
5132,6425
5133,6862
5134,13636
5135,7321
5136,10403
5137,14759
5138,12909
5139,12334
5140,6352
5141,15247
5142,11593
5143,5880
5144,3108
5145,9939
5146,11004
5147,8322
5148,10954
5149,14300
5150,9944
5151,4768
5152,5904
5153,9579
5154,9049
5155,5864
5156,6947
5157,8015
5158,8209
5159,9855
5160,12670
5161,12362
5162,8860
5163,8599
5164,2993
5165,4624
5166,7566
5167,5152
5168,6735
5169,8848
5170,3825
5171,11044
5172,8494
5173,6760
5174,5031
5175,10013
5176,9349
5177,8200
5178,9822
5179,11444
5180,6348
5181,3399
5182,5831
5183,12103
5184,5115
5185,9430
5186,3208
5187,5490
5188,13032
5189,10102
5190,9163
5191,9229
5192,12967
5193,10986
5194,10310
5195,2000
5196,12424
5197,13428
5198,6728
5199,5950
5200,8645
5201,5320
5202,5791
5203,6974
5204,14031
5205,11178
5206,12699
5207,9568
5208,9558
5209,8597
5210,10666
5211,11606
5212,2000
5213,14301
5214,8077
5215,9410
5216,10721
5217,8120
5218,13983
5219,7667
5220,7817
5221,8264
5222,9088
5223,8879
5224,9046
5225,9769
5226,9264
5227,5318
5228,3542
5229,10465
5230,2864
5231,11071
5232,4152
5233,12083
5234,6970
5235,6710
5236,3538
5237,9810
5238,5941
5239,5047
5240,6769
5241,14351
5242,7776
5243,9127
5244,3597
5245,10168
5246,16146
5247,10559
5248,9254
5249,9296
5250,5538
5251,11171
5252,6950
5253,6952
5254,12356
5255,7933
5256,11063
5257,8970
5258,8162
5259,8161
5260,8949
5261,5912
5262,12918
5263,9239
5264,9570
5265,5200
5266,4999
5267,11263
5268,8873
5269,4851
5270,9096
5271,9976
5272,4812
5273,3519
5274,9716
5275,2446
5276,11452
5277,8066
5278,7256
5279,9495
5280,2000
5281,7780
5282,6963
5283,10266
5284,6438
5285,6909
5286,12261
5287,12258
5288,8484
5289,7369
5290,11347
5291,12140
5292,6836
5293,7271
5294,5825
5295,9656
5296,6442
5297,13106
5298,12029
5299,9361
5300,10211
5301,8772
5302,16163
5303,8731
5304,10920
5305,6541
5306,10139
5307,12439
5308,6673
5309,9080
5310,10468
5311,12124
5312,10938
5313,4797
5314,13587
5315,13268
5316,5527
5317,8418
5318,13146
5319,10663
5320,9824
5321,10576
5322,13212
5323,9683
5324,9731
5325,8606
5326,11180
5327,12382
5328,8483
5329,9692
5330,9308
5331,6546
5332,7021
5333,8977
5334,6202
5335,4680
5336,11769
5337,12488
5338,11237
5339,6183
5340,9987
5341,9211
5342,3736
5343,10251
5344,10881
5345,4447
5346,9670
5347,13196
5348,16334
5349,2000
5350,5111
5351,10909
5352,5913
5353,5987
5354,4687
5355,5874
5356,7835
5357,5093
5358,5544
5359,8220
5360,8708
5361,5079
5362,10810
5363,7534
5364,11038
5365,11981
5366,8703
5367,5070
5368,9406
5369,6873
5370,7952
5371,11100
5372,9942
5373,3815
5374,10320
5375,12575
5376,13752
5377,11768
5378,7019
5379,6099
5380,8777
5381,6070
5382,8775
5383,5107
5384,5519
5385,7503
5386,6530
5387,7333
5388,7745
5389,8171
5390,10032
5391,12754
5392,7802
5393,13614
5394,14048
5395,6443
5396,5279
5397,9203
5398,8543
5399,10456
5400,11600
5401,6050
5402,14288
5403,14629
5404,6466
5405,11183
5406,8482
5407,8172
5408,11291
5409,12602
5410,9015
5411,6022
5412,6322
5413,8970
5414,12876
5415,3813
5416,8322
5417,2000
5418,11337
5419,7110
5420,12679
5421,6716
5422,5806
5423,12842
5424,7581
5425,7165
5426,11426
5427,8491
5428,4911
5429,10209
5430,6403
5431,18301
5432,10431
5433,4873
5434,9110
5435,10279
5436,12211
5437,3846
5438,14837
5439,10278
5440,8234
5441,16544
5442,6146
5443,8955
5444,12246
5445,4729
5446,8747
5447,5479
5448,15196
5449,5912
5450,9238
5451,5762
5452,4494
5453,8755
5454,5876
5455,11508
5456,10254
5457,2000
5458,15253
5459,14441
5460,7656
5461,5307
5462,10846
5463,8101
5464,3170
5465,11505
5466,12136
5467,3662
5468,7276
5469,8875
5470,3198
5471,9070
5472,7285
5473,8559
5474,4520
5475,10778
5476,5037
5477,5156
5478,14620
5479,12068
5480,17134
5481,7523
5482,11261
5483,10665
5484,7997
5485,10960
5486,14048
5487,8217
5488,8030
5489,5274
5490,6183
5491,7853
5492,11773
5493,9232
5494,14458
5495,9498
5496,6466
5497,7289
5498,13233
5499,14484
5500,6954
5501,3940
5502,9702
5503,9048
5504,14696
5505,2410
5506,7309
5507,7910
5508,6782
5509,4370
5510,6487
5511,10034
5512,9941
5513,14696
5514,7538
5515,7280
5516,9253
5517,9947
5518,5822
5519,7270
5520,4352
5521,9084
5522,13141
5523,16202
5524,11432
5525,13406
5526,10504
5527,7163
5528,11332
5529,6088
5530,8285
5531,6184
5532,4736
5533,8286
5534,7732
5535,12546
5536,6804
5537,10692
5538,5942
5539,6257
5540,4817
5541,9189
5542,6235
5543,14166
5544,8861
5545,10403
5546,5713
5547,11365
5548,7478
5549,5785
5550,2954
5551,10579
5552,6738
5553,10651
5554,13277
5555,7726
5556,8314
5557,7023
5558,11968
5559,5806
5560,8569
5561,12910
5562,2068
5563,7559
5564,4753
5565,7953
5566,7688
5567,7028
5568,8759
5569,8245
5570,9841
5571,8381
5572,6409
5573,10684
5574,10712
5575,10928
5576,11923
5577,7489
5578,7535
5579,12092
5580,10639
5581,9307
5582,12842
5583,9739
5584,9933
5585,9031
5586,12812
5587,15530
5588,13490
5589,8977
5590,5780
5591,6627
5592,9181
5593,13738
5594,8899
5595,13779
5596,5911
5597,12991
5598,9044
5599,9802
5600,15224
5601,11544
5602,9123
5603,13355
5604,10870
5605,6254
5606,5808
5607,9917
5608,13449
5609,12447
5610,7994
5611,7235
5612,9262
5613,7611
5614,12924
5615,10427
5616,6927
5617,2883
5618,5889
5619,5249
5620,5654
5621,5461
5622,15864
5623,11057
5624,12692
5625,6437
5626,9610
5627,15081
5628,11280
5629,7445
5630,11115
5631,5415
5632,10323
5633,8931
5634,9148
5635,9304
5636,15264
5637,9652
5638,12357
5639,5468
5640,11666
5641,7378
5642,8733
5643,5963
5644,9627
5645,4177
5646,6738
5647,7369
5648,9843
5649,11226
5650,9109
5651,8087
5652,8536
5653,16289
5654,4372
5655,8223
5656,9768
5657,2904
5658,7931
5659,8141
5660,11113
5661,7810
5662,5367
5663,9497
5664,4070
5665,7924
5666,4915
5667,7221
5668,8342
5669,8102
5670,8785
5671,6605
5672,6152
5673,9871
5674,10697
5675,12763
5676,9652
5677,12537
5678,11105
5679,6438
5680,2000
5681,5471
5682,10441
5683,13106
5684,9499
5685,10769
5686,10830
5687,5451
5688,4613
5689,9799
5690,4922
5691,5354
5692,6572
5693,9449
5694,6110
5695,6755
5696,7438
5697,2000
5698,7164
5699,7238
5700,9820
5701,13960
5702,12196
5703,7848
5704,9487
5705,10814
5706,10000
5707,12676
5708,7513
5709,8140
5710,9787
5711,11212
5712,6639
5713,4817
5714,11677
5715,2000
5716,9032
5717,11249
5718,6229
5719,8823
5720,11891
5721,10247
5722,5647
5723,7221
5724,13156
5725,11616
5726,2007
5727,2803
5728,5598
5729,14081
5730,13447
5731,8131
5732,12145
5733,7899
5734,7478
5735,9357
5736,10095
5737,9419
5738,8720
5739,3787
5740,8263
5741,13378
5742,2961
5743,11463
5744,5173
5745,7438
5746,10204
5747,7627
5748,9893
5749,9358
5750,7237
5751,6931
5752,8299
5753,11443
5754,3846
5755,7666
5756,13139
5757,7432
5758,7006
5759,9851
5760,11965
5761,3670
5762,10049
5763,10012
5764,10817
5765,11651
5766,12106
5767,3458
5768,8533
5769,7956
5770,9375
5771,4160
5772,12619
5773,9290
5774,7102
5775,12275
5776,7091
5777,6345
5778,11383
5779,9499
5780,5557
5781,4473
5782,2000
5783,10396
5784,6177
5785,10563
5786,12020
5787,5417
5788,5087
5789,7667
5790,11725
5791,14810
5792,8552
5793,13579
5794,13701
5795,5426
5796,5637
5797,10566
5798,7345
5799,8669
5800,11501
5801,6061
5802,6212
5803,8961
5804,3501
5805,4582
5806,6467
5807,4939
5808,3622
5809,11717
5810,6841
5811,7741
5812,6636
5813,7722
5814,10054
5815,7616
5816,14665
5817,12355
5818,9991
5819,9091
5820,13462
5821,7141
5822,11820
5823,10011
5824,8678
5825,6119
5826,12551
5827,8778
5828,7054
5829,13273
5830,11107
5831,11917
5832,12991
5833,2454
5834,9641
5835,6677
5836,11536
5837,11866
5838,4231
5839,9307
5840,6588
5841,12724
5842,13487
5843,11898
5844,14059
5845,10349
5846,6825
5847,7712
5848,7711
5849,7637
5850,5711
5851,5087
5852,4243
5853,7773
5854,11959
5855,4825
5856,16630
5857,9813
5858,12409
5859,5626
5860,13511
5861,3391
5862,13226
5863,9967
5864,7977
5865,9166
5866,7681
5867,6737
5868,10694
5869,5103
5870,6737
5871,12044
5872,6651
5873,3377
5874,11589
5875,9401
5876,12665
5877,10645
5878,9992
5879,15367
5880,8500
5881,3051
5882,8717
5883,6102
5884,10153
5885,5117
5886,2000
5887,13499
5888,13994
5889,11142
5890,5580
5891,2473
5892,10131
5893,3762
5894,9334
5895,10569
5896,9054
5897,11185
5898,9471
5899,10298
5900,2000
5901,11920
5902,5092
5903,10966
5904,9319
5905,4530
5906,14487
5907,11184
5908,5866
5909,6336
5910,9460
5911,8656
5912,7434
5913,11509
5914,11467
5915,15757
5916,14049
5917,8736
5918,7608
5919,7394
5920,11144
5921,10570
5922,10855
5923,13086
5924,7264
5925,12926
5926,13148
5927,12645
5928,12803
5929,10816
5930,7235
5931,11872
5932,11372
5933,8158
5934,10603
5935,10553
5936,11838
5937,5876
5938,10323
5939,13168
5940,7147
5941,13714
5942,11768
5943,6166
5944,9714
5945,5628
5946,6695
5947,8085
5948,13816
5949,10100
5950,10507
5951,10209
5952,8491
5953,11528
5954,4948
5955,9724
5956,7329
5957,10798
5958,6236
5959,11243
5960,10572
5961,6854
5962,11867
5963,9442
5964,12524
5965,12446
5966,9094
5967,12092
5968,6853
5969,4592
5970,4385
5971,8457
5972,10396
5973,8061
5974,5161
5975,8828
5976,16316
5977,13261
5978,7915
5979,6221
5980,10096
5981,11949
5982,3709
5983,8000
5984,13804
5985,4947
5986,12020
5987,14229
5988,5218
5989,9205
5990,6446
5991,13588
5992,10300
5993,12095
5994,3566
5995,14548
5996,11431
5997,4847
5998,4442
5999,6079
6000,6566
6001,9132
6002,10185
6003,7903
6004,11606
6005,5356
6006,4523
6007,11718
6008,7949
6009,12134
6010,12628
6011,11385
6012,9025
6013,7889
6014,2903
6015,10365
6016,9934
6017,13515
6018,14829
6019,8176
6020,10061
6021,9779
6022,6874
6023,10985
6024,2797
6025,8993
6026,7085
6027,11573
6028,11518
6029,5808
6030,7263
6031,11882
6032,4405
6033,2841
6034,8581
6035,11223
6036,10965
6037,9376
6038,8068
6039,6249
6040,12039
6041,8649
6042,6244
6043,17078
6044,8914
6045,10580
6046,3899
6047,8898
6048,6560
6049,7802
6050,9576
6051,14442
6052,5217
6053,10410
6054,9965
6055,6279
6056,3699
6057,10534
6058,8305
6059,14448
6060,12667
6061,9552
6062,8484
6063,5692
6064,10181
6065,3607
6066,7679
6067,2682
6068,12690
6069,7882
6070,9634
6071,9471
6072,4746
6073,8624
6074,12354
6075,4454
6076,2000
6077,11578
6078,10964
6079,9138
6080,7292
6081,8433
6082,5299
6083,10623
6084,9463
6085,9701
6086,8858
6087,3750
6088,3472
6089,7366
6090,9213
6091,8690
6092,9873
6093,13142
6094,6389
6095,12871
6096,9023
6097,11875
6098,11568
6099,6502
6100,7558
6101,7694
6102,12085
6103,7490
6104,7881
6105,12092
6106,9872
6107,7051
6108,11910
6109,5806
6110,14344
6111,5058
6112,6963
6113,9349
6114,8490
6115,11037
6116,7908
6117,8324
6118,6255
6119,9290
6120,3176
6121,14532
6122,14851
6123,6636
6124,13609
6125,14939
6126,8838
6127,9608
6128,8884
6129,8077
6130,4742
6131,10107
6132,11058
6133,2000
6134,14816
6135,9997
6136,6927
6137,10626
6138,7827
6139,7837
6140,8985
6141,6487
6142,9922
6143,9683
6144,5883
6145,12855
6146,12998
6147,4855
6148,11969
6149,11424
6150,6977
6151,12865
6152,6899
6153,10434
6154,10507
6155,8242
6156,12023
6157,9614
6158,13193
6159,12416
6160,7763
6161,10196
6162,8722
6163,8669
6164,11419
6165,8073
6166,9055
6167,12989
6168,6122
6169,11536
6170,2903
6171,10110
6172,14588
6173,6450
6174,9270
6175,11577
6176,4090
6177,6165
6178,11955
6179,7793
6180,10675
6181,5281
6182,12223
6183,7408
6184,6941
6185,7856
6186,11563
6187,7621
6188,9338
6189,9408
6190,15491
6191,11638
6192,14830
6193,13877
6194,9633
6195,6229
6196,7357
6197,9416
6198,6240
6199,6644
6200,4820
6201,11141
6202,14565
6203,10087
6204,12503
6205,7548
6206,8813
6207,11771
6208,11992
6209,11436
6210,4434
6211,8753
6212,6724
6213,3175
6214,3827
6215,10857
6216,11846
6217,2626
6218,10986
6219,11787
6220,5112
6221,5120
6222,10308
6223,4529
6224,5114
6225,10972
6226,8634
6227,9931
6228,5104
6229,10217
6230,15799
6231,11337
6232,7253
6233,6485
6234,12572
6235,10659
6236,15677
6237,7958
6238,5189
6239,10166
6240,11674
6241,11284
6242,5809
6243,6165
6244,10097
6245,3389
6246,14413
6247,9249
6248,2478
6249,11550
6250,5957
6251,9016
6252,6795
6253,11164
6254,8524
6255,10553
6256,11554
6257,7766
6258,8430
6259,7240
6260,9257
6261,12553
6262,6904
6263,7100
6264,9482
6265,11784
6266,12340
6267,7052
6268,7076
6269,4685
6270,12450
6271,8620
6272,8223
6273,5173
6274,13247
6275,11571
6276,10177
6277,6220
6278,6792
6279,6792
6280,5226
6281,6679
6282,8720
6283,12056
6284,6724
6285,8341
6286,10008
6287,4170
6288,7440
6289,4190
6290,8102
6291,8258
6292,11671
6293,12891
6294,3939
6295,11618
6296,4759
6297,10280
6298,5723
6299,6752
6300,7668
6301,9280
6302,10861
6303,10663
6304,8965
6305,10178
6306,12590
6307,10065
6308,10025
6309,6485
6310,7990
6311,9509
6312,7476
6313,11248
6314,12720
6315,12170
6316,9754
6317,12649
6318,6354
6319,9877
6320,7046
6321,12830
6322,5387
6323,9586
6324,8648
6325,10898
6326,9907
6327,9950
6328,3784
6329,7320
6330,7803
6331,13232
6332,4263
6333,7048
6334,3654
6335,9499
6336,7964
6337,8608
6338,9181
6339,7226
6340,14457
6341,12112
6342,10228
6343,9664
6344,9942
6345,11557
6346,6388
6347,10719
6348,12821
6349,8320
6350,5164
6351,10375
6352,5966
6353,12686
6354,7612
6355,13624
6356,14950
6357,3678
6358,11312
6359,6797
6360,7128
6361,7746
6362,5588
6363,2000
6364,8448
6365,5468
6366,13379
6367,10512
6368,12513
6369,9683
6370,8227
6371,10326
6372,11313
6373,8606
6374,9418
6375,8924
6376,6333
6377,3110
6378,6294
6379,9996
6380,11832
6381,5599
6382,11745
6383,4014
6384,5696
6385,7506
6386,8206
6387,13665
6388,9172
6389,11859
6390,11640
6391,8032
6392,8849
6393,6148
6394,12856
6395,6820
6396,4924
6397,10447
6398,10752
6399,4609
6400,7747
6401,6542
6402,7628
6403,12138
6404,10830
6405,11541
6406,4049
6407,6153
6408,14049
6409,5152
6410,6599
6411,12592
6412,10035
6413,7121
6414,9943
6415,9889
6416,8693
6417,7682
6418,11828
6419,3260
6420,6593
6421,10247
6422,8343
6423,9478
6424,11237
6425,8511
6426,13008
6427,7717
6428,13453
6429,8894
6430,12847
6431,10793
6432,7533
6433,8217
6434,8992
6435,11289
6436,12847
6437,8754
6438,11205
6439,12409
6440,7015
6441,5938
6442,11728
6443,9762
6444,8251
6445,7928
6446,9059
6447,7034
6448,6882
6449,9333
6450,12758
6451,5345
6452,13049
6453,12016
6454,6222
6455,8505
6456,7797
6457,11303
6458,14898
6459,7765
6460,11147
6461,3581
6462,15458
6463,8650
6464,12120
6465,12353
6466,12518
6467,8223
6468,14326
6469,11112
6470,14158
6471,2601
6472,9859
6473,4063
6474,5956
6475,11886
6476,8231
6477,7117
6478,9559
6479,6498
6480,11112
6481,14132
6482,9347
6483,7616
6484,6383
6485,10001
6486,7023
6487,11193
6488,5736
6489,8527
6490,9899
6491,11279
6492,6092
6493,11556
6494,7013
6495,11914
6496,7533
6497,9704
6498,12841
6499,7809
6500,11824
6501,11815
6502,8211
6503,10513
6504,11383
6505,11805
6506,7959
6507,15682
6508,11866
6509,6235
6510,5485
6511,8178
6512,3023
6513,14635
6514,6960
6515,8792
6516,14993
6517,9115
6518,9413
6519,10276
6520,11022
6521,3749
6522,11177
6523,6841
6524,11352
6525,7816
6526,11036
6527,7529
6528,11075
6529,8248
6530,5072
6531,4912
6532,13132
6533,9978
6534,11244
6535,10735
6536,11799
6537,11848
6538,7743
6539,2763
6540,10711
6541,7131
6542,8342
6543,10402
6544,12159
6545,10555
6546,7402
6547,6840
6548,8150
6549,9896
6550,5344
6551,9868
6552,6017
6553,8415
6554,8908
6555,10405
6556,9068
6557,2000
6558,8525
6559,4797
6560,13133
6561,5308
6562,6114
6563,3233
6564,6854
6565,9467
6566,3122
6567,11669
6568,8349
6569,10089
6570,6827
6571,10135
6572,7346
6573,11865
6574,7364
6575,12397
6576,11843
6577,10622
6578,17719
6579,8074
6580,4705
6581,10361
6582,4057
6583,10008
6584,13359
6585,6958
6586,4264
6587,8360
6588,8704
6589,10248
6590,7845
6591,11902
6592,6303
6593,5406
6594,5440
6595,11537
6596,5037
6597,5535
6598,10298
6599,6806
6600,12847
6601,11739
6602,7275
6603,13847
6604,9091
6605,8458
6606,13133
6607,5233
6608,14122
6609,6572
6610,5885
6611,12449
6612,6812
6613,7811
6614,4252
6615,9183
6616,10870
6617,9811
6618,3781
6619,11831
6620,4228
6621,9507
6622,8082
6623,3011
6624,7017
6625,8212
6626,16358
6627,5565
6628,10756
6629,8469
6630,6061
6631,8530
6632,12056
6633,3306
6634,2638
6635,11766
6636,7366
6637,11187
6638,10664
6639,5976
6640,13344
6641,8421
6642,5008
6643,13987
6644,8290
6645,7936
6646,11072
6647,11219
6648,4172
6649,10000
6650,7363
6651,16143
6652,11492
6653,6676
6654,11296
6655,4594
6656,5157
6657,5954
6658,12552
6659,10057
6660,12713
6661,2000
6662,10883
6663,15018
6664,9487
6665,13402
6666,10567
6667,9898
6668,9860
6669,13017
6670,7923
6671,9007
6672,12399
6673,12255
6674,9302
6675,4303
6676,11390
6677,8977
6678,8833
6679,6587
6680,9406
6681,2000
6682,11973
6683,10546
6684,12068
6685,6065
6686,12257
6687,5281
6688,10095
6689,11073
6690,9038
6691,11274
6692,8151
6693,10205
6694,8275
6695,11950
6696,14079
6697,9416
6698,8327
6699,10285
6700,8155
6701,10454
6702,3488
6703,8316
6704,13558
6705,3655
6706,4407
6707,6728
6708,7186
6709,7728
6710,11998
6711,6643
6712,13556
6713,3453
6714,9812
6715,7033
6716,6754
6717,10303
6718,11657
6719,3673
6720,2132
6721,4794
6722,9189
6723,2000
6724,6660
6725,13170
6726,10442
6727,10076
6728,10975
6729,9172
6730,8553
6731,8348
6732,8401
6733,10984
6734,12144
6735,11564
6736,12184
6737,13209
6738,7763
6739,8038
6740,10298
6741,8292
6742,9992
6743,12322
6744,4475
6745,3530
6746,13259
6747,6185
6748,7517
6749,11027
6750,6873
6751,5109
6752,3014
6753,11919
6754,8819
6755,8503
6756,12072
6757,14094
6758,7822
6759,6097
6760,4783
6761,7600
6762,5776
6763,7800
6764,4144
6765,10665
6766,9314
6767,4193
6768,9073
6769,6713
6770,9221
6771,9491
6772,3039
6773,10329
6774,11193
6775,4453
6776,10084
6777,6898
6778,10800
6779,8729
6780,10432
6781,13455
6782,9338
6783,5462
6784,11592
6785,2000
6786,9896
6787,7714
6788,11845
6789,15662
6790,13749
6791,5085
6792,9550
6793,3810
6794,7660
6795,9317
6796,5151
6797,3853
6798,13591
6799,9550
6800,11846
6801,12036
6802,11702
6803,9998
6804,6979
6805,4689
6806,13274
6807,10451
6808,7914
6809,6056
6810,6393
6811,11529
6812,8122
6813,8380
6814,10470
6815,6016
6816,10249
6817,5970
6818,8093
6819,5868
6820,8830
6821,11516
6822,8709
6823,8178
6824,11788
6825,9388
6826,8256
6827,14054
6828,7627
6829,8878
6830,7516
6831,10629
6832,14354
6833,10344
6834,6322
6835,7714
6836,9840
6837,8352
6838,6000
6839,7287
6840,3758
6841,10835
6842,11269
6843,9885
6844,12676
6845,12485
6846,11378
6847,7916
6848,9403
6849,9373
6850,10834
6851,14609
6852,8918
6853,8231
6854,4764
6855,6976
6856,7309
6857,8790
6858,5330
6859,11128
6860,10305
6861,8803
6862,9756
6863,3860
6864,6997
6865,8590
6866,8629
6867,13441
6868,11416
6869,8104
6870,13467
6871,13127
6872,14193
6873,15739
6874,6889
6875,9200
6876,12020
6877,5491
6878,11443
6879,12546
6880,8811
6881,13094
6882,9875
6883,8355
6884,6417
6885,8060
6886,16759
6887,5986
6888,8774
6889,9711
6890,6237
6891,11525
6892,13139
6893,5492
6894,12642
6895,8636
6896,9429
6897,3544
6898,7643
6899,4565
6900,13061
6901,11489
6902,15293
6903,14263
6904,7557
6905,2047
6906,3221
6907,10524
6908,12699
6909,14469
6910,9123
6911,7761
6912,5729
6913,8772
6914,8022
6915,7036
6916,5965
6917,12458
6918,9261
6919,5888
6920,11499
6921,6970
6922,2089
6923,6176
6924,5571
6925,4679
6926,8513
6927,6670
6928,6483
6929,11886
6930,4153
6931,14980
6932,14648
6933,10275
6934,3336
6935,8875
6936,14240
6937,10697
6938,5630
6939,9970
6940,6182
6941,8329
6942,4541
6943,10919
6944,12017
6945,6881
6946,3796
6947,5128
6948,11933
6949,10270
6950,7221
6951,10695
6952,4041
6953,14626
6954,3602
6955,10983
6956,7389
6957,5228
6958,11557
6959,11767
6960,10131
6961,8078
6962,13723
6963,7067
6964,3072
6965,9706
6966,12190
6967,8767
6968,12767
6969,7134
6970,2721
6971,8713
6972,10724
6973,8602
6974,10008
6975,13648
6976,9107
6977,12606
6978,8596
6979,8755
6980,9563
6981,8423
6982,2531
6983,4237
6984,7073
6985,13571
6986,7367
6987,7234
6988,14644
6989,5538
6990,6564
6991,8254
6992,9728
6993,14574
6994,6220
6995,7917
6996,9576
6997,7234
6998,10121
6999,13879
7000,7391
7001,8261
7002,10403
7003,13341
7004,6345
7005,9724
7006,4275
7007,5985
7008,13343
7009,10221
7010,8562
7011,9260
7012,7522
7013,2000
7014,8758
7015,9436
7016,12327
7017,10974
7018,13274
7019,10642
7020,11583
7021,9652
7022,7739
7023,9860
7024,12037
7025,12673
7026,5377
7027,7766
7028,9930
7029,11278
7030,7769
7031,5332
7032,11416
7033,11852
7034,9773
7035,12909
7036,9556
7037,8492
7038,7291
7039,11384
7040,6505
7041,8884
7042,12876
7043,14302
7044,4196
7045,6784
7046,8536
7047,9937
7048,6725
7049,14065
7050,6250
7051,15653
7052,4307
7053,12622
7054,14354
7055,2502
7056,6111
7057,11750
7058,13510
7059,4527
7060,8788
7061,11533
7062,4600
7063,4233
7064,2000
7065,11451
7066,9304
7067,4505
7068,7682
7069,13542
7070,5462
7071,7206
7072,15926
7073,5547
7074,9054
7075,11910
7076,5861
7077,4517
7078,4225
7079,10460
7080,14115
7081,10551
7082,13435
7083,3660
7084,6328
7085,4542
7086,9940
7087,11950
7088,9510
7089,5955
7090,4430
7091,13107
7092,5445
7093,4474
7094,14845
7095,8987
7096,6482
7097,9639
7098,13574
7099,11568
7100,6666
7101,5309
7102,8222
7103,11389
7104,8088
7105,7802
7106,16231
7107,9657
7108,9621
7109,7009
7110,9240
7111,6557
7112,11723
7113,8475
7114,10909
7115,9123
7116,5341
7117,10008
7118,7052
7119,11200
7120,11710
7121,9138
7122,11021
7123,5827
7124,13116
7125,4506
7126,2745
7127,12464
7128,9584
7129,8347
7130,2662
7131,10323
7132,8908
7133,7923
7134,10921
7135,8813
7136,7080
7137,3306
7138,10445
7139,13369
7140,8618
7141,5453
7142,8991
7143,13256
7144,6675
7145,11411
7146,9756
7147,11839
7148,15240
7149,12156
7150,10794
7151,11748
7152,2940
7153,12196
7154,2551
7155,5802
7156,4269
7157,9727
7158,10242
7159,8914
7160,4218
7161,16326
7162,3300
7163,9408
7164,8694
7165,11647
7166,7784
7167,8771
7168,4701
7169,7887
7170,15257
7171,16340
7172,8751
7173,8705
7174,8087
7175,10749
7176,11104
7177,12763
7178,6433
7179,10472
7180,2780
7181,9730
7182,9190
7183,12198
7184,15396
7185,8671
7186,12863
7187,9640
7188,5811
7189,6052
7190,6863
7191,2300
7192,12070
7193,7500
7194,6400
7195,15403
7196,10881
7197,5191
7198,13897
7199,9072
7200,12040
7201,8430
7202,10279
7203,2809
7204,7813
7205,8113
7206,7090
7207,9910
7208,3052
7209,13298
7210,11713
7211,10667
7212,8016
7213,6630
7214,5852
7215,7610
7216,14424
7217,11331
7218,6461
7219,11060
7220,7813
7221,11314
7222,14383
7223,6828
7224,9754
7225,14166
7226,5871
7227,6203
7228,7819
7229,12000
7230,9851
7231,12216
7232,12427
7233,8384
7234,8761
7235,12597
7236,5183
7237,12799
7238,10109
7239,9693
7240,12858
7241,4078
7242,7934
7243,11531
7244,14033
7245,8907
7246,2811
7247,14200
7248,10643
7249,7912
7250,8771
7251,12813
7252,10810
7253,11707
7254,8959
7255,13262
7256,8409
7257,9783
7258,9405
7259,10710
7260,10140
7261,8554
7262,10709
7263,5771
7264,12001
7265,6368
7266,6896
7267,7619
7268,9237
7269,13225
7270,7072
7271,8593
7272,9423
7273,3096
7274,6153
7275,9189
7276,4157
7277,9363
7278,10479
7279,7459
7280,11612
7281,4678
7282,7359
7283,13984
7284,9792
7285,10511
7286,10179
7287,7767
7288,11494
7289,9377
7290,4374
7291,5731
7292,9481
7293,14150
7294,2530
7295,11372
7296,11570
7297,6844
7298,4752
7299,4472
7300,12803
7301,7542
7302,11795
7303,10994
7304,4649
7305,4370
7306,7039
7307,9359
7308,4267
7309,4767
7310,9176
7311,6137
7312,13073
7313,11942
7314,2406
7315,8490
7316,3127
7317,12434
7318,8987
7319,13784
7320,3213
7321,9531
7322,3645
7323,5596
7324,7377
7325,6102
7326,8185
7327,9465
7328,10022
7329,9986
7330,6384
7331,11592
7332,3612
7333,2822
7334,10767
7335,10830
7336,9427
7337,3212
7338,5720
7339,9007
7340,4111
7341,10475
7342,14887
7343,8223
7344,10351
7345,9705
7346,5111
7347,4539
7348,13925
7349,2681
7350,10677
7351,6696
7352,9304
7353,10249
7354,9439
7355,8454
7356,7553
7357,6542
7358,7196
7359,8478
7360,10085
7361,9143
7362,8508
7363,13748
7364,7814
7365,8396
7366,6740
7367,8082
7368,4789
7369,6678
7370,9005
7371,10205
7372,7083
7373,10862
7374,4507
7375,13780
7376,7235
7377,8697
7378,12277
7379,12594
7380,8291
7381,15591
7382,12469
7383,10958
7384,6078
7385,12544
7386,11250
7387,8501
7388,7458
7389,3354
7390,15461
7391,9161
7392,4147
7393,4585
7394,10747
7395,7863
7396,9795
7397,11012
7398,14138
7399,6423
7400,7155
7401,2000
7402,11684
7403,10184
7404,13616
7405,7544
7406,8531
7407,9113
7408,4655
7409,7299
7410,7801
7411,9573
7412,5134
7413,12584
7414,4441
7415,13155
7416,10039
7417,8530
7418,3720
7419,6783
7420,4280
7421,11236
7422,5955
7423,10218
7424,7090
7425,9355
7426,2429
7427,11727
7428,2000
7429,6166
7430,9071
7431,9311
7432,3189
7433,6734
7434,13615
7435,8992
7436,2019
7437,11316
7438,7230
7439,12478
7440,7879
7441,6810
7442,7462
7443,7494
7444,14161
7445,14154
7446,6924
7447,9498
7448,6551
7449,9071
7450,6652
7451,9936
7452,9186
7453,10295
7454,10653
7455,11438
7456,11148
7457,4938
7458,5968
7459,13338
7460,12217
7461,6950
7462,7524
7463,7198
7464,5251
7465,12378
7466,12040
7467,12142
7468,12650
7469,8602
7470,13320
7471,5670
7472,4248
7473,5395
7474,6029
7475,6177
7476,11067
7477,8956
7478,11186
7479,13969
7480,8311
7481,10201
7482,9738
7483,8863
7484,11078
7485,8024
7486,8065
7487,12835
7488,5974
7489,2000
7490,7135
7491,5439
7492,9841
7493,12736
7494,7635
7495,8054
7496,6293
7497,10067
7498,12641
7499,9889
7500,5716
7501,4680
7502,8917
7503,6659
7504,10355
7505,6749
7506,6390
7507,7195
7508,6641
7509,10274
7510,2813
7511,10045
7512,6368
7513,8626
7514,3914
7515,5030
7516,11912
7517,9741
7518,9803
7519,15466
7520,12496
7521,5356
7522,2000
7523,9898
7524,7437
7525,14445
7526,5189
7527,10299
7528,8291
7529,2099
7530,7840
7531,8985
7532,9973
7533,6733
7534,12043
7535,10832
7536,13439
7537,14252
7538,12817
7539,11737
7540,5781
7541,7217
7542,13107
7543,6634
7544,12702
7545,8124
7546,10785
7547,6008
7548,10952
7549,4682
7550,9851
7551,12606
7552,15172
7553,9541
7554,15462
7555,7871
7556,13113
7557,13470
7558,10924
7559,8313
7560,11322
7561,12725
7562,8359
7563,14623
7564,12615
7565,7071
7566,6374
7567,4737
7568,10714
7569,12882
7570,9985
7571,10962
7572,10447
7573,12667
7574,11718
7575,12754
7576,4136
7577,8053
7578,9219
7579,13477
7580,8730
7581,8827
7582,4469
7583,6020
7584,8230
7585,5536
7586,8782
7587,8967
7588,4267
7589,6069
7590,3714
7591,10250
7592,11725
7593,9231
7594,7705
7595,6467
7596,2653
7597,10697
7598,9960
7599,14630
7600,13951
7601,3250
7602,3012
7603,6022
7604,3554
7605,2444
7606,4956
7607,13984
7608,6552
7609,12431
7610,9162
7611,3924
7612,13613
7613,9919
7614,3936
7615,6477
7616,3490
7617,7010
7618,12460
7619,3454
7620,10809
7621,6054
7622,13432
7623,8135
7624,5741
7625,6671
7626,11706
7627,15195
7628,10610
7629,9037
7630,10597
7631,13602
7632,3770
7633,9484
7634,11832
7635,7984
7636,6953
7637,9180
7638,11742
7639,7510
7640,9009
7641,9143
7642,12136
7643,5292
7644,6843
7645,7215
7646,10320
7647,14597
7648,11446
7649,5840
7650,5117
7651,9164
7652,9042
7653,7358
7654,17630
7655,4186
7656,5430
7657,6662
7658,5252
7659,6269
7660,6126
7661,10632
7662,2931
7663,6007
7664,8998
7665,14852
7666,10050
7667,8457
7668,6707
7669,10072
7670,12802
7671,10186
7672,8823
7673,6190
7674,7937
7675,13261
7676,7307
7677,5418
7678,10771
7679,13493
7680,10599
7681,3778
7682,8101
7683,6854
7684,10269
7685,5782
7686,6889
7687,12098
7688,2000
7689,13196
7690,5066
7691,7174
7692,12438
7693,7235
7694,6471
7695,7158
7696,12987
7697,8952
7698,4726
7699,7548
7700,7682
7701,6970
7702,4688
7703,11177
7704,12099
7705,5419
7706,9233
7707,11088
7708,8545
7709,12231
7710,5503
7711,13041
7712,13791
7713,10338
7714,3636
7715,12780
7716,11914
7717,4845
7718,12503
7719,10790
7720,9693
7721,10373
7722,9045
7723,12404
7724,13377
7725,5107
7726,11647
7727,8541
7728,9770
7729,11820
7730,6864
7731,8547
7732,3100
7733,10732
7734,2977
7735,8658
7736,13038
7737,9234
7738,14429
7739,2042
7740,10728
7741,9315
7742,3101
7743,7909
7744,8885
7745,15888
7746,8502
7747,7334
7748,13092
7749,14574
7750,7663
7751,5863
7752,10794
7753,4731
7754,7220
7755,8481
7756,11845
7757,7609
7758,11676
7759,14329
7760,7116
7761,9735
7762,10998
7763,8418
7764,6492
7765,8449
7766,6038
7767,15112
7768,6217
7769,10135
7770,3655
7771,9771
7772,11372
7773,6819
7774,4506
7775,8475
7776,7592
7777,8523
7778,11564
7779,4778
7780,13624
7781,12091
7782,9634
7783,7658
7784,7297
7785,4854
7786,4730
7787,4912
7788,8334
7789,7581
7790,10634
7791,8887
7792,9841
7793,9812
7794,11655
7795,9992
7796,2324
7797,3871
7798,6092
7799,6633
7800,11600
7801,5049
7802,15623
7803,8353
7804,10271
7805,4703
7806,6499
7807,6616
7808,8479
7809,7199
7810,9793
7811,10139
7812,8170
7813,3441
7814,6085
7815,9015
7816,11837
7817,2464
7818,10357
7819,6070
7820,7123
7821,6124
7822,12018
7823,7338
7824,10314
7825,6495
7826,10338
7827,10575
7828,10735
7829,8648
7830,7262
7831,11212
7832,7453
7833,8028
7834,8215
7835,2000
7836,14391
7837,11484
7838,10154
7839,3699
7840,7958
7841,7737
7842,11506
7843,10804
7844,15929
7845,8548
7846,10531
7847,15575
7848,13427
7849,7307
7850,8302
7851,10431
7852,8959
7853,7733
7854,9960
7855,6025
7856,13773
7857,5265
7858,11708
7859,8856
7860,8620
7861,4614
7862,9892
7863,13672
7864,3866
7865,13959
7866,4134
7867,4979
7868,7547
7869,9297
7870,11852
7871,8225
7872,8129
7873,7463
7874,11374
7875,8624
7876,5670
7877,7629
7878,4586
7879,10682
7880,6552
7881,3856
7882,13194
7883,4395
7884,8609
7885,10713
7886,6721
7887,13468
7888,6335
7889,6307
7890,7214
7891,6846
7892,7713
7893,8991
7894,8486
7895,8003
7896,3856
7897,5670
7898,8572
7899,10505
7900,9636
7901,8083
7902,9906
7903,3979
7904,8630
7905,7221
7906,2000
7907,9668
7908,8015
7909,12698
7910,9979
7911,7250
7912,10443
7913,11501
7914,5835
7915,10897
7916,7999
7917,11924
7918,10273
7919,8920
7920,9857
7921,10590
7922,4749
7923,8545
7924,9288
7925,10622
7926,4395
7927,13229
7928,6424
7929,11071
7930,4409
7931,11852
7932,10340
7933,8208
7934,2779
7935,9317
7936,12179
7937,11374
7938,9755
7939,9320
7940,9472
7941,13300
7942,11605
7943,13158
7944,12095
7945,6909
7946,13420
7947,8461
7948,9246
7949,10445
7950,11608
7951,9205
7952,7029
7953,18255
7954,6649
7955,10267
7956,12430
7957,7863
7958,9894
7959,8567
7960,12834
7961,8832
7962,9612
7963,6094
7964,13101
7965,7277
7966,5862
7967,10252
7968,11210
7969,6704
7970,6000
7971,7013
7972,9073
7973,8086
7974,10708
7975,7948
7976,12114
7977,10593
7978,12419
7979,13930
7980,11199
7981,14050
7982,11306
7983,7852
7984,13068
7985,6473
7986,9877
7987,10050
7988,5024
7989,11478
7990,12719
7991,12882
7992,10050
7993,13627
7994,6240
7995,7499
7996,8699
7997,8330
7998,16991
7999,11720
